timestamp,tx,ty,tz,rx,ry,rz,rw
101.195,-73.72248077392578,71.68933868408203,75.79000091552734,0.0011135834773668952,-0.0367892696438458,0.0040825359612573385,-0.999314085996508
101.195,-73.72248077392578,71.68933868408203,75.79000091552734,0.0011135834773668952,-0.0367892696438458,0.0040825359612573385,-0.999314085996508
101.4475,-73.75879669189453,71.70046997070312,75.76000213623047,0.003403507152780593,-0.01596260514428403,0.012523537545688846,-0.9997883637967637
101.45,-73.75879669189453,71.70046997070312,75.76000213623047,0.003403507152780593,-0.01596260514428403,0.012523537545688846,-0.9997883637967637
101.695,-73.80418395996094,71.70046997070312,75.69000244140625,0.0017057946208797737,-0.01724032730403408,0.009458338619710502,-0.9998051816277589
101.7,-73.80418395996094,71.70046997070312,75.69000244140625,0.0017057946208797737,-0.01724032730403408,0.009458338619710502,-0.9998051816277589
101.9475,-73.8858871459961,71.70046997070312,75.56999969482422,0.0004990661264563914,-0.031291942365603655,0.003886093431360781,-0.9995026080775535
101.9475,-73.8858871459961,71.70046997070312,75.56999969482422,0.0004990661264563914,-0.031291942365603655,0.003886093431360781,-0.9995026080775535
102.2,-73.97666931152344,71.67820739746094,75.41999816894531,0.001129871311711214,-0.04689866224545236,0.0016480867639797115,-0.998897653756592
102.2025,-73.97666931152344,71.67820739746094,75.41999816894531,0.001129871311711214,-0.04689866224545236,0.0016480867639797115,-0.998897653756592
102.445,-74.05836486816406,71.66707611083984,75.25,0.0020669094648301215,-0.04983078000958857,-0.0006682014620718302,-0.9987553127546838
102.4475,-74.05836486816406,71.66707611083984,75.25,0.0020669094648301215,-0.04983078000958857,-0.0006682014620718302,-0.9987553127546838
102.695,-74.14006805419922,71.64480590820312,75.05999755859375,0.0029218477948954567,-0.05430115095386713,-0.002645150065415836,-0.9985168255926788
102.7025,-74.14006805419922,71.64480590820312,75.05999755859375,0.0029218477948954567,-0.05430115095386713,-0.002645150065415836,-0.9985168255926788
102.95,-74.19454193115234,71.63367462158203,74.87999725341797,0.00391328965518772,-0.05596311576470245,-0.0016290417816969666,-0.9984238388885027
102.95,-74.19454193115234,71.63367462158203,74.87999725341797,0.00391328965518772,-0.05596311576470245,-0.0016290417816969666,-0.9984238388885027
103.1975,-74.23992919921875,71.62254333496094,74.69000244140625,0.003825501847039611,-0.04876579815832689,-0.0022199541170890512,-0.9988004476717647
103.1975,-74.23992919921875,71.62254333496094,74.69000244140625,0.003825501847039611,-0.04876579815832689,-0.0022199541170890512,-0.9988004476717647
103.445,-74.27623748779297,71.62254333496094,74.47000122070312,0.0038392356276264446,-0.04595976302318725,-0.002767750902408142,-0.9989320797769939
103.445,-74.27623748779297,71.62254333496094,74.47000122070312,0.0038392356276264446,-0.04595976302318725,-0.002767750902408142,-0.9989320797769939
103.7,-74.30347442626953,71.62254333496094,74.23999786376953,0.004562743670791067,-0.04317848170642222,-0.0019086047462677411,-0.9990551322703092
103.7025,-74.30347442626953,71.62254333496094,74.23999786376953,0.004562743670791067,-0.04317848170642222,-0.0019086047462677411,-0.9990551322703092
103.9475,-74.3307113647461,71.62254333496094,73.9800033569336,0.004765783217651973,-0.04603707455509304,-0.0015595633897758725,-0.9989271459114346
103.9475,-74.3307113647461,71.62254333496094,73.9800033569336,0.004765783217651973,-0.04603707455509304,-0.0015595633897758725,-0.9989271459114346
104.1975,-74.36701965332031,71.62254333496094,73.7300033569336,0.004241615883866232,-0.04740498514483267,-0.0016149660188131943,-0.9988654403686563
104.1975,-74.36701965332031,71.62254333496094,73.7300033569336,0.004241615883866232,-0.04740498514483267,-0.0016149660188131943,-0.9988654403686563
104.45,-74.38517761230469,71.62254333496094,73.47000122070312,0.0039159553970131685,-0.04194766440832857,-0.0017197325008465407,-0.9991106551649525
104.45,-74.38517761230469,71.62254333496094,73.47000122070312,0.0039159553970131685,-0.04194766440832857,-0.0017197325008465407,-0.9991106551649525
104.6975,-74.41240692138672,71.62254333496094,73.19999694824219,0.0039560070914091945,-0.04328679361982671,-0.0016170292394500018,-0.9990535464740846
104.7,-74.41240692138672,71.62254333496094,73.19999694824219,0.0039560070914091945,-0.04328679361982671,-0.0016170292394500018,-0.9990535464740846
104.955,-74.44872283935547,71.62254333496094,72.91000366210938,0.00430789740609405,-0.04142483676318606,-0.0016819527151479114,-0.9991309203273343
104.955,-74.44872283935547,71.62254333496094,72.91000366210938,0.00430789740609405,-0.04142483676318606,-0.0016819527151479114,-0.9991309203273343
105.1975,-74.46688079833984,71.62254333496094,72.5999984741211,0.004499287395060334,-0.044095725704094396,-0.0016889019292712511,-0.9990157511259965
105.21,-74.46688079833984,71.62254333496094,72.5999984741211,0.004499287395060334,-0.044095725704094396,-0.0016889019292712511,-0.9990157511259965
105.45,-74.50318908691406,71.63367462158203,72.29000091552734,0.004804452813532809,-0.043830555146525466,-0.0014445935887632106,-0.9990263824434635
105.4575,-74.50318908691406,71.63367462158203,72.29000091552734,0.004804452813532809,-0.043830555146525466,-0.0014445935887632106,-0.9990263824434635
105.695,-74.53950500488281,71.63367462158203,71.97000122070312,0.0047748263455492075,-0.04775950816143151,-0.0010044381194937078,-0.9988469459920335
105.7025,-74.53950500488281,71.63367462158203,71.97000122070312,0.0047748263455492075,-0.04775950816143151,-0.0010044381194937078,-0.9988469459920335
105.9525,-74.55766296386719,71.64480590820312,71.66000366210938,0.004103355158124375,-0.048031313274211625,-0.0007497737982099149,-0.998837120486044
105.9625,-74.55766296386719,71.64480590820312,71.66000366210938,0.004103355158124375,-0.048031313274211625,-0.0007497737982099149,-0.998837120486044
106.195,-74.58489227294922,71.64480590820312,71.36000061035156,0.0033501712368043087,-0.04415284180698999,-0.0015265279975457137,-0.9990180041547418
106.205,-74.58489227294922,71.64480590820312,71.36000061035156,0.0033501712368043087,-0.04415284180698999,-0.0015265279975457137,-0.9990180041547418
106.4475,-74.62120819091797,71.66707611083984,71.04000091552734,0.0032900333616671636,-0.04380044753541941,-0.001664286965295856,-0.9990334962477851
106.4475,-74.62120819091797,71.66707611083984,71.04000091552734,0.0032900333616671636,-0.04380044753541941,-0.001664286965295856,-0.9990334962477851
106.7,-74.63027954101562,71.66707611083984,70.70999908447266,0.0043541165901435615,-0.04459158488305714,0.0001590634268804959,-0.9989957992530111
106.7,-74.63027954101562,71.66707611083984,70.70999908447266,0.0043541165901435615,-0.04459158488305714,0.0001590634268804959,-0.9989957992530111
106.9475,-74.66659545898438,71.67820739746094,70.37999725341797,0.00451583597416266,-0.04799589659032036,-1.7305954012334407e-05,-0.9988373245110787
106.95,-74.66659545898438,71.67820739746094,70.37999725341797,0.00451583597416266,-0.04799589659032036,-1.7305954012334407e-05,-0.9988373245110787
107.1975,-74.68475341796875,71.68933868408203,70.05000305175781,0.0040507880507424905,-0.049298303704247426,-0.0006168465247103987,-0.9987756944721957
107.205,-74.68475341796875,71.68933868408203,70.05000305175781,0.0040507880507424905,-0.049298303704247426,-0.0006168465247103987,-0.9987756944721957
107.445,-74.71198272705078,71.68933868408203,69.70999908447266,0.004030552005573893,-0.04641373012552155,-0.00048292348975235077,-0.9989140539061749
107.445,-74.71198272705078,71.68933868408203,69.70999908447266,0.004030552005573893,-0.04641373012552155,-0.00048292348975235077,-0.9989140539061749
107.695,-74.72106170654297,71.70046997070312,69.37000274658203,0.004106976821158179,-0.04753391961251415,-0.00021596693005363407,-0.998861157812209
107.695,-74.72106170654297,71.70046997070312,69.37000274658203,0.004106976821158179,-0.04753391961251415,-0.00021596693005363407,-0.998861157812209
107.9475,-74.74829864501953,71.70046997070312,69.0199966430664,0.004074386692731355,-0.04698905296587447,-0.0005708819487550121,-0.9988869317236306
107.9475,-74.74829864501953,71.70046997070312,69.0199966430664,0.004074386692731355,-0.04698905296587447,-0.0005708819487550121,-0.9988869317236306
108.195,-74.75736999511719,71.71160125732422,68.66000366210938,0.004195861803923059,-0.051034534304973345,-0.00018138810597803775,-0.9986880584798998
108.195,-74.75736999511719,71.71160125732422,68.66000366210938,0.004195861803923059,-0.051034534304973345,-0.00018138810597803775,-0.9986880584798998
108.4475,-74.75736999511719,71.71160125732422,68.31999969482422,0.003600097829766166,-0.05069947404671242,-0.0005665766641746706,-0.9987073052791225
108.45,-74.75736999511719,71.71160125732422,68.31999969482422,0.003600097829766166,-0.05069947404671242,-0.0005665766641746706,-0.9987073052791225
108.7025,-74.76644897460938,71.71160125732422,67.97000122070312,0.0033799750001386433,-0.04668535175425335,-0.0012056486012434592,-0.998903198569326
108.7025,-74.76644897460938,71.71160125732422,67.97000122070312,0.0033799750001386433,-0.04668535175425335,-0.0012056486012434592,-0.998903198569326
108.9525,-74.7755355834961,71.71160125732422,67.62000274658203,0.0035735857691330222,-0.047821757849221026,-0.001074613497319949,-0.9988489145845794
108.9525,-74.7755355834961,71.71160125732422,67.62000274658203,0.0035735857691330222,-0.047821757849221026,-0.001074613497319949,-0.9988489145845794
109.2,-74.79369354248047,71.7338638305664,67.26000213623047,0.00400551197411447,-0.04703062491041804,-0.00015654106496867717,-0.9988854046832678
109.2025,-74.79369354248047,71.7338638305664,67.26000213623047,0.00400551197411447,-0.04703062491041804,-0.00015654106496867717,-0.9988854046832678
109.455,-74.79369354248047,71.7338638305664,66.9000015258789,0.004338555021542175,-0.05077042953923461,0.0004864010313659858,-0.9987008079694157
109.455,-74.79369354248047,71.7338638305664,66.9000015258789,0.004338555021542175,-0.05077042953923461,0.0004864010313659858,-0.9987008079694157
109.7,-74.80276489257812,71.7449951171875,66.54000091552734,0.0037356670655436766,-0.05131879776457083,-0.0006616862982569498,-0.998675116321027
109.7025,-74.80276489257812,71.7449951171875,66.54000091552734,0.0037356670655436766,-0.05131879776457083,-0.0006616862982569498,-0.998675116321027
109.95,-74.80276489257812,71.7449951171875,66.18000030517578,0.00397774572188003,-0.04798086210328349,0.00010166773027942565,-0.9988403296195394
109.955,-74.80276489257812,71.7449951171875,66.18000030517578,0.00397774572188003,-0.04798086210328349,0.00010166773027942565,-0.9988403296195394
110.2,-74.80276489257812,71.7449951171875,65.81999969482422,0.003660697336731852,-0.04990357407845039,-0.000366764612042885,-0.9987472643631745
110.2,-74.80276489257812,71.7449951171875,65.81999969482422,0.003660697336731852,-0.04990357407845039,-0.000366764612042885,-0.9987472643631745
110.4525,-74.80276489257812,71.7449951171875,65.47000122070312,0.0031737551294854197,-0.05042872633613759,-0.0007074560718191166,-0.9987223690017157
110.455,-74.80276489257812,71.7449951171875,65.47000122070312,0.0031737551294854197,-0.05042872633613759,-0.0007074560718191166,-0.9987223690017157
110.6975,-74.80276489257812,71.7561264038086,65.12000274658203,0.0033206013558303407,-0.04674781030737302,0.0002823726390592655,-0.9989011643319844
110.6975,-74.80276489257812,71.7561264038086,65.12000274658203,0.0033206013558303407,-0.04674781030737302,0.0002823726390592655,-0.9989011643319844
110.9525,-74.80276489257812,71.7561264038086,64.76000213623047,0.003034003979603458,-0.04834426663366941,-0.00015352518847890897,-0.9988261125609006
110.9525,-74.80276489257812,71.7561264038086,64.76000213623047,0.003034003979603458,-0.04834426663366941,-0.00015352518847890897,-0.9988261125609006
111.2,-74.80276489257812,71.7561264038086,64.41999816894531,0.002756159583558512,-0.04898825307560237,-0.0005444103515657279,-0.9987954036049225
111.2,-74.80276489257812,71.7561264038086,64.41999816894531,0.002756159583558512,-0.04898825307560237,-0.0005444103515657279,-0.9987954036049225
111.45,-74.79369354248047,71.7561264038086,64.06999969482422,0.002938449565847598,-0.04588275907151822,-0.0005368627756021384,-0.9989423655609436
111.45,-74.79369354248047,71.7561264038086,64.06999969482422,0.002938449565847598,-0.04588275907151822,-0.0005368627756021384,-0.9989423655609436
111.7075,-74.79369354248047,71.76725769042969,63.709999084472656,0.0033173192500713902,-0.04889065347524156,0.0004979824770117319,-0.9987985039081755
111.7075,-74.79369354248047,71.76725769042969,63.709999084472656,0.0033173192500713902,-0.04889065347524156,0.0004979824770117319,-0.9987985039081755
111.95,-74.79369354248047,71.76725769042969,63.369998931884766,0.002748078014201846,-0.05037262576883522,7.048670482233616e-05,-0.9987267102025484
111.95,-74.79369354248047,71.76725769042969,63.369998931884766,0.002748078014201846,-0.05037262576883522,7.048670482233616e-05,-0.9987267102025484
112.195,-74.7755355834961,71.76725769042969,63.02000045776367,0.0025811640529426723,-0.045275263643280744,-0.0004917997182378015,-0.9989710937896052
112.2,-74.7755355834961,71.76725769042969,63.02000045776367,0.0025811640529426723,-0.045275263643280744,-0.0004917997182378015,-0.9989710937896052
112.45,-74.7755355834961,71.76725769042969,62.66999816894531,0.0028085292351016614,-0.046694302300980525,-0.000218281122194281,-0.9989052540904528
112.4525,-74.7755355834961,71.76725769042969,62.66999816894531,0.0028085292351016614,-0.046694302300980525,-0.000218281122194281,-0.9989052540904528
112.7,-74.7755355834961,71.76725769042969,62.33000183105469,0.002540179688908514,-0.0484815433546575,-0.00034477357263963107,-0.9988207890168699
112.7,-74.7755355834961,71.76725769042969,62.33000183105469,0.002540179688908514,-0.0484815433546575,-0.00034477357263963107,-0.9988207890168699
112.95,-74.7755355834961,71.76725769042969,61.97999954223633,0.002611876145747591,-0.046007970610401405,-0.00048298339012593566,-0.9989375413259614
112.95,-74.7755355834961,71.76725769042969,61.97999954223633,0.002611876145747591,-0.046007970610401405,-0.00048298339012593566,-0.9989375413259614
113.2025,-74.7755355834961,71.77838897705078,61.630001068115234,0.002916061481197271,-0.047432803370799734,0.0002653125376318546,-0.998870139387039
113.205,-74.7755355834961,71.77838897705078,61.630001068115234,0.002916061481197271,-0.047432803370799734,0.0002653125376318546,-0.998870139387039
113.45,-74.7755355834961,71.77838897705078,61.2599983215332,0.0031698667814168938,-0.04713306260327875,0.00046806242804294873,-0.9988834803278043
113.4525,-74.7755355834961,71.77838897705078,61.2599983215332,0.0031698667814168938,-0.04713306260327875,0.00046806242804294873,-0.9988834803278043
113.705,-74.7755355834961,71.77838897705078,60.900001525878906,0.003048831163073248,-0.04990652262417122,-7.561446730415316e-05,-0.9987492367509248
113.705,-74.7755355834961,71.77838897705078,60.900001525878906,0.003048831163073248,-0.04990652262417122,-7.561446730415316e-05,-0.9987492367509248
113.955,-74.7755355834961,71.77838897705078,60.540000915527344,0.0026295626990524537,-0.05069608654495037,-0.00017117702943744836,-0.9987106502423329
113.9575,-74.7755355834961,71.77838897705078,60.540000915527344,0.0026295626990524537,-0.05069608654495037,-0.00017117702943744836,-0.9987106502423329
114.2,-74.7755355834961,71.77838897705078,60.189998626708984,0.002469414979187842,-0.046667769885833044,-0.00023588630146389097,-0.9989073858978099
114.2075,-74.7755355834961,71.77838897705078,60.189998626708984,0.002469414979187842,-0.046667769885833044,-0.00023588630146389097,-0.9989073858978099
114.45,-74.7755355834961,71.77838897705078,59.83000183105469,0.002440808024099236,-0.04749600506176975,-0.00012468631659850102,-0.998868437990051
114.455,-74.7755355834961,71.77838897705078,59.83000183105469,0.002440808024099236,-0.04749600506176975,-0.00012468631659850102,-0.998868437990051
114.7,-74.7755355834961,71.77838897705078,59.45000076293945,0.0024577442897672466,-0.046451848952692665,-0.00021310274296245993,-0.9989174839840893
114.7025,-74.7755355834961,71.77838897705078,59.45000076293945,0.0024577442897672466,-0.046451848952692665,-0.00021310274296245993,-0.9989174839840893
114.9475,-74.7755355834961,71.77838897705078,59.08000183105469,0.0025627788870947713,-0.04910301650520482,-0.0001874858171714822,-0.9987904138424306
114.9475,-74.7755355834961,71.77838897705078,59.08000183105469,0.0025627788870947713,-0.04910301650520482,-0.0001874858171714822,-0.9987904138424306
115.2,-74.79369354248047,71.77838897705078,58.720001220703125,0.0023523816632347564,-0.05170284674789736,-0.0001996951602708393,-0.9986597228588509
115.2,-74.79369354248047,71.77838897705078,58.720001220703125,0.0023523816632347564,-0.05170284674789736,-0.0001996951602708393,-0.9986597228588509
115.45,-74.79369354248047,71.77838897705078,58.34000015258789,0.0023604309763375878,-0.048289830651721544,-0.0002951891350163444,-0.9988305329156736
115.4525,-74.79369354248047,71.77838897705078,58.34000015258789,0.0023604309763375878,-0.048289830651721544,-0.0002951891350163444,-0.9988305329156736
115.7,-74.79369354248047,71.77838897705078,57.97999954223633,0.00280845781298594,-0.04358545623346437,0.0013521296694858792,-0.999044839992175
115.7025,-74.79369354248047,71.77838897705078,57.97999954223633,0.00280845781298594,-0.04358545623346437,0.0013521296694858792,-0.999044839992175
115.95,-74.79369354248047,71.77838897705078,57.619998931884766,0.0041286010544286916,-0.024477772611932132,0.007884227607565263,-0.9996607585857934
115.95,-74.79369354248047,71.77838897705078,57.619998931884766,0.0041286010544286916,-0.024477772611932132,0.007884227607565263,-0.9996607585857934
116.2025,-74.8209228515625,71.77838897705078,57.279998779296875,0.00255959431988939,-0.024690693406737067,0.008126910286944173,-0.9996588275332741
116.2025,-74.8209228515625,71.77838897705078,57.279998779296875,0.00255959431988939,-0.024690693406737067,0.008126910286944173,-0.9996588275332741
116.4525,-74.88446807861328,71.76725769042969,56.939998626708984,-3.421737902087528e-05,-0.03245599050457598,0.004145985344724362,-0.9994645658126452
116.4525,-74.88446807861328,71.76725769042969,56.939998626708984,-3.421737902087528e-05,-0.03245599050457598,0.004145985344724362,-0.9994645658126452
116.705,-74.93893432617188,71.7449951171875,56.59000015258789,-0.0005776518618770286,-0.03291484571724431,0.0034123962113002345,-0.9994521673406056
116.705,-74.93893432617188,71.7449951171875,56.59000015258789,-0.0005776518618770286,-0.03291484571724431,0.0034123962113002345,-0.9994521673406056
116.95,-75.02063751220703,71.71160125732422,56.2599983215332,0.001200048766047955,-0.02035468268851537,0.008136974383159325,-0.999758989168638
116.95,-75.02063751220703,71.71160125732422,56.2599983215332,0.001200048766047955,-0.02035468268851537,0.008136974383159325,-0.999758989168638
117.2025,-75.12049865722656,71.68933868408203,55.939998626708984,-6.705324326785113e-06,-0.02812762601199197,0.005758994343733473,-0.9995877503221601
117.2025,-75.12049865722656,71.68933868408203,55.939998626708984,-6.705324326785113e-06,-0.02812762601199197,0.005758994343733473,-0.9995877503221601
117.455,-75.23851013183594,71.64480590820312,55.63999938964844,-0.0024621233653716623,-0.03704636230118409,0.0013320895890059762,-0.9993096269555846
117.4575,-75.23851013183594,71.64480590820312,55.63999938964844,-0.0024621233653716623,-0.03704636230118409,0.0013320895890059762,-0.9993096269555846
117.705,-75.36560821533203,71.63367462158203,55.34000015258789,-0.0034068795721436972,-0.037522605878129736,-0.0011509287980289037,-0.9992893087502726
117.7075,-75.36560821533203,71.63367462158203,55.34000015258789,-0.0034068795721436972,-0.037522605878129736,-0.0011509287980289037,-0.9992893087502726
117.9525,-75.47454071044922,71.60028076171875,55.040000915527344,-0.0022130939095779704,-0.04236407191086002,-0.0012403919121434597,-0.9990990186434892
117.9525,-75.47454071044922,71.60028076171875,55.040000915527344,-0.0022130939095779704,-0.04236407191086002,-0.0012403919121434597,-0.9990990186434892
118.2075,-75.5925521850586,71.56688690185547,54.70000076293945,-0.0008587841583915817,-0.04510816991470277,-0.002743236473950425,-0.9989779728053885
118.2075,-75.5925521850586,71.56688690185547,54.70000076293945,-0.0008587841583915817,-0.04510816991470277,-0.002743236473950425,-0.9989779728053885
118.455,-75.7105712890625,71.56688690185547,54.369998931884766,0.0012732142488237033,-0.04959711873715491,-0.00206379801799641,-0.9987663618064988
118.455,-75.7105712890625,71.56688690185547,54.369998931884766,0.0012732142488237033,-0.04959711873715491,-0.00206379801799641,-0.9987663618064988
118.7025,-75.80134582519531,71.54462432861328,54.040000915527344,0.0027190608715229017,-0.051721355611822145,-0.0012459014759654253,-0.9986570761833939
118.7025,-75.80134582519531,71.54462432861328,54.040000915527344,0.0027190608715229017,-0.051721355611822145,-0.0012459014759654253,-0.9986570761833939
118.955,-75.89212799072266,71.53349304199219,53.70000076293945,0.0030905643051448686,-0.04830659808472769,-0.0018974801891387372,-0.9988259711094261
118.9575,-75.89212799072266,71.53349304199219,53.70000076293945,0.0030905643051448686,-0.04830659808472769,-0.0018974801891387372,-0.9988259711094261
119.2025,-75.97383117675781,71.53349304199219,53.369998931884766,0.0030260516592900935,-0.048989486408271325,-0.002016013396021419,-0.9987926756453496
119.2025,-75.97383117675781,71.53349304199219,53.369998931884766,0.0030260516592900935,-0.048989486408271325,-0.002016013396021419,-0.9987926756453496
119.4525,-76.0373764038086,71.51122283935547,53.040000915527344,0.001929263633098585,-0.049068015234623716,-0.002721997515621873,-0.9987898670652869
119.455,-76.0373764038086,71.51122283935547,53.040000915527344,0.001929263633098585,-0.049068015234623716,-0.002721997515621873,-0.9987898670652869
119.7025,-76.10092163085938,71.51122283935547,52.709999084472656,0.000987261113417179,-0.0438673622779204,-0.003063067083002647,-0.9990321803937632
119.7025,-76.10092163085938,71.51122283935547,52.709999084472656,0.000987261113417179,-0.0438673622779204,-0.003063067083002647,-0.9990321803937632
119.955,-76.16447448730469,71.51122283935547,52.380001068115234,0.0010682279765673014,-0.044602385351858446,-0.002103275266650975,-0.9990020332026691
119.955,-76.16447448730469,71.51122283935547,52.380001068115234,0.0010682279765673014,-0.044602385351858446,-0.002103275266650975,-0.9990020332026691
120.2025,-76.22801208496094,71.51122283935547,52.029998779296875,0.0011467437797036935,-0.04425868617756511,-0.0022288361926131087,-0.9990169597988645
120.2025,-76.22801208496094,71.51122283935547,52.029998779296875,0.0011467437797036935,-0.04425868617756511,-0.0022288361926131087,-0.9990169597988645
120.4575,-76.28248596191406,71.51122283935547,51.66999816894531,0.001405816614523489,-0.04718847460559442,-0.0023972668801119936,-0.998882137519512
120.4575,-76.28248596191406,71.51122283935547,51.66999816894531,0.001405816614523489,-0.04718847460559442,-0.0023972668801119936,-0.998882137519512
120.7,-76.32787322998047,71.53349304199219,51.310001373291016,0.0019498465623522504,-0.046743675412670355,-0.0016520627671963522,-0.9989036478038869
120.7025,-76.32787322998047,71.53349304199219,51.310001373291016,0.0019498465623522504,-0.046743675412670355,-0.0016520627671963522,-0.9989036478038869
120.95,-76.37326049804688,71.54462432861328,50.939998626708984,0.002474841543937009,-0.04969184593230552,-0.0008917584932070385,-0.9987611327910004
120.9525,-76.37326049804688,71.54462432861328,50.939998626708984,0.002474841543937009,-0.04969184593230552,-0.0008917584932070385,-0.9987611327910004
121.2025,-76.41865539550781,71.54462432861328,50.58000183105469,0.0020088783947207448,-0.05033144123840837,-0.0012639217356602435,-0.9987297496982384
121.205,-76.41865539550781,71.54462432861328,50.58000183105469,0.0020088783947207448,-0.05033144123840837,-0.0012639217356602435,-0.9987297496982384
121.455,-76.45496368408203,71.55575561523438,50.220001220703125,0.001711541599778818,-0.046764058540383464,-0.0014125554764468167,-0.9989034979121905
121.455,-76.45496368408203,71.55575561523438,50.220001220703125,0.001711541599778818,-0.046764058540383464,-0.0014125554764468167,-0.9989034979121905
121.7025,-76.49127197265625,71.56688690185547,49.86000061035156,0.0014979908476469542,-0.048103483945328276,-0.0013275381728800099,-0.9988403518571631
121.7025,-76.49127197265625,71.56688690185547,49.86000061035156,0.0014979908476469542,-0.048103483945328276,-0.0013275381728800099,-0.9988403518571631
121.96,-76.51850891113281,71.56688690185547,49.5,0.0009730569154777739,-0.04869102052062389,-0.001677797370406906,-0.9988120056731813
121.9625,-76.51850891113281,71.56688690185547,49.5,0.0009730569154777739,-0.04869102052062389,-0.001677797370406906,-0.9988120056731813
122.205,-76.54574584960938,71.57801818847656,49.150001525878906,0.0007569536822160633,-0.045272516478724205,-0.0024641884764723967,-0.9989713479614715
122.205,-76.54574584960938,71.57801818847656,49.150001525878906,0.0007569536822160633,-0.045272516478724205,-0.0024641884764723967,-0.9989713479614715
122.4525,-76.5820541381836,71.60028076171875,48.79999923706055,0.0014873297837544846,-0.04681211915634849,-0.001359278665340633,-0.9989016797021195
122.455,-76.5820541381836,71.60028076171875,48.79999923706055,0.0014873297837544846,-0.04681211915634849,-0.001359278665340633,-0.9989016797021195
122.705,-76.60021209716797,71.61141204833984,48.41999816894531,0.0023087306053467507,-0.046630720245586774,-0.0002756672308735198,-0.9989094902442099
122.705,-76.60021209716797,71.61141204833984,48.41999816894531,0.0023087306053467507,-0.046630720245586774,-0.0002756672308735198,-0.9989094902442099
122.955,-76.62744903564453,71.62254333496094,48.060001373291016,0.0024492545636954324,-0.050430534817363495,-0.0008511986629895752,-0.998724205059111
122.955,-76.62744903564453,71.62254333496094,48.060001373291016,0.0024492545636954324,-0.050430534817363495,-0.0008511986629895752,-0.998724205059111
123.1975,-76.6456069946289,71.63367462158203,47.689998626708984,0.0022033887952531664,-0.05021571586459464,-0.0010863682703674943,-0.998735373741215
123.2025,-76.6456069946289,71.63367462158203,47.689998626708984,0.0022033887952531664,-0.05021571586459464,-0.0010863682703674943,-0.998735373741215
123.455,-76.67283630371094,71.64480590820312,47.31999969482422,0.002068731683124322,-0.048424515525891325,-0.0010129617483967623,-0.9988241890111604
123.455,-76.67283630371094,71.64480590820312,47.31999969482422,0.002068731683124322,-0.048424515525891325,-0.0010129617483967623,-0.9988241890111604
123.705,-76.68191528320312,71.64480590820312,46.95000076293945,0.001927927991387465,-0.048221442990272624,-0.0008147569828230081,-0.998834476627962
123.705,-76.68191528320312,71.64480590820312,46.95000076293945,0.001927927991387465,-0.048221442990272624,-0.0008147569828230081,-0.998834476627962
123.955,-76.69099426269531,71.64480590820312,46.560001373291016,0.0016570571114803395,-0.04757166896962649,-0.0017152507093038615,-0.9988649800589556
123.9575,-76.69099426269531,71.64480590820312,46.560001373291016,0.0016570571114803395,-0.04757166896962649,-0.0017152507093038615,-0.9988649800589556
124.205,-76.70914459228516,71.66707611083984,46.18000030517578,0.00213703599469017,-0.05027293305425732,-0.0004031489670715759,-0.9987331489192648
124.205,-76.70914459228516,71.66707611083984,46.18000030517578,0.00213703599469017,-0.05027293305425732,-0.0004031489670715759,-0.9987331489192648
124.455,-76.71822357177734,71.67820739746094,45.779998779296875,0.0025250281236427444,-0.04906681502457527,1.5333801602695443e-05,-0.9987923065688848
124.455,-76.71822357177734,71.67820739746094,45.779998779296875,0.0025250281236427444,-0.04906681502457527,1.5333801602695443e-05,-0.9987923065688848
124.705,-76.72730255126953,71.68933868408203,45.38999938964844,0.0024833501134379735,-0.05149262400979892,-0.0007068751214020833,-0.9986700370855042
124.705,-76.72730255126953,71.68933868408203,45.38999938964844,0.0024833501134379735,-0.05149262400979892,-0.0007068751214020833,-0.9986700370855042
124.9575,-76.73638153076172,71.68933868408203,45.0099983215332,0.002321515859370346,-0.05174694411159515,-0.0005481953981615515,-0.9986573805970854
124.9575,-76.73638153076172,71.68933868408203,45.0099983215332,0.002321515859370346,-0.05174694411159515,-0.0005481953981615515,-0.9986573805970854
125.205,-76.73638153076172,71.70046997070312,44.630001068115234,0.0021409095434522488,-0.047744219876720624,-0.0003809156506237219,-0.9988572274744562
125.205,-76.73638153076172,71.70046997070312,44.630001068115234,0.0021409095434522488,-0.047744219876720624,-0.0003809156506237219,-0.9988572274744562
125.4575,-76.73638153076172,71.71160125732422,44.25,0.0018782410501862437,-0.04850521621993193,-0.0006152145008989861,-0.9988209738091871
125.46,-76.73638153076172,71.71160125732422,44.25,0.0018782410501862437,-0.04850521621993193,-0.0006152145008989861,-0.9988209738091871
125.705,-76.7545394897461,71.71160125732422,43.880001068115234,0.0015795302023464655,-0.050654227492316434,-0.00027072754586979697,-0.998714964856386
125.705,-76.7545394897461,71.71160125732422,43.880001068115234,0.0015795302023464655,-0.050654227492316434,-0.00027072754586979697,-0.998714964856386
125.955,-76.7545394897461,71.71160125732422,43.5099983215332,0.0011830773615524287,-0.0472004313793991,-0.0010346390724032067,-0.9988842020612525
125.955,-76.7545394897461,71.71160125732422,43.5099983215332,0.0011830773615524287,-0.0472004313793991,-0.0010346390724032067,-0.9988842020612525
126.2075,-76.7545394897461,71.71160125732422,43.119998931884766,0.0011342470650606534,-0.04780253268408599,-0.0011513914211936315,-0.9988554978826405
126.21,-76.7545394897461,71.71160125732422,43.119998931884766,0.0011342470650606534,-0.04780253268408599,-0.0011513914211936315,-0.9988554978826405
126.4525,-76.7545394897461,71.7338638305664,42.7400016784668,0.0019566915548708233,-0.04767916953416372,0.0006285495015560653,-0.9988605874075799
126.4575,-76.7545394897461,71.7338638305664,42.7400016784668,0.0019566915548708233,-0.04767916953416372,0.0006285495015560653,-0.9988605874075799
126.705,-76.7545394897461,71.7338638305664,42.34000015258789,0.0019535552153998018,-0.04970089195098434,0.00013020613599994688,-0.9987622279640231
126.7075,-76.7545394897461,71.7338638305664,42.34000015258789,0.0019535552153998018,-0.04970089195098434,0.00013020613599994688,-0.9987622279640231
126.955,-76.76361846923828,71.7449951171875,41.939998626708984,0.0022783625990724335,-0.049410349015721694,0.00017660109101832197,-0.998775948491986
126.955,-76.76361846923828,71.7449951171875,41.939998626708984,0.0022783625990724335,-0.049410349015721694,0.00017660109101832197,-0.998775948491986
127.205,-76.76361846923828,71.7449951171875,41.54999923706055,0.002495150670603127,-0.05133869652953656,-0.000133620197365411,-0.9986781736913157
127.205,-76.76361846923828,71.7449951171875,41.54999923706055,0.002495150670603127,-0.05133869652953656,-0.000133620197365411,-0.9986781736913157
127.455,-76.76361846923828,71.7561264038086,41.15999984741211,0.002355772791428287,-0.05149113481956797,-0.0005192566616356981,-0.9986705381366108
127.455,-76.76361846923828,71.7561264038086,41.15999984741211,0.002355772791428287,-0.05149113481956797,-0.0005192566616356981,-0.9986705381366108
127.71,-76.76361846923828,71.7561264038086,40.77000045776367,0.0026061674671152804,-0.047984929462532036,0.00039368659015672847,-0.9988445822281251
127.7125,-76.76361846923828,71.7561264038086,40.77000045776367,0.0026061674671152804,-0.047984929462532036,0.00039368659015672847,-0.9988445822281251
127.9575,-76.76361846923828,71.7561264038086,40.38999938964844,0.0023723118628798914,-0.048600031290368884,-0.0001380704864144002,-0.998815493487932
127.9625,-76.76361846923828,71.7561264038086,40.38999938964844,0.0023723118628798914,-0.048600031290368884,-0.0001380704864144002,-0.998815493487932
128.2075,-76.76361846923828,71.7561264038086,39.9900016784668,0.0023914355625742592,-0.047943633621777795,-0.0004804615960875814,-0.9988470644636973
128.2075,-76.76361846923828,71.7561264038086,39.9900016784668,0.0023914355625742592,-0.047943633621777795,-0.0004804615960875814,-0.9988470644636973
128.455,-76.76361846923828,71.7561264038086,39.59000015258789,0.002594223346499555,-0.0490511869639385,-0.00041761499227051377,-0.9987928096759484
128.455,-76.76361846923828,71.7561264038086,39.59000015258789,0.002594223346499555,-0.0490511869639385,-0.00041761499227051377,-0.9987928096759484
128.7075,-76.77269744873047,71.76725769042969,39.20000076293945,0.002888179408284727,-0.050156417065904624,0.0002837308416304301,-0.9987371584874702
128.71,-76.77269744873047,71.76725769042969,39.20000076293945,0.002888179408284727,-0.050156417065904624,0.0002837308416304301,-0.9987371584874702
128.955,-76.77269744873047,71.76725769042969,38.79999923706055,0.002705582619067445,-0.0500710118781371,0.00020922111512810268,-0.9987419735941392
128.955,-76.77269744873047,71.76725769042969,38.79999923706055,0.002705582619067445,-0.0500710118781371,0.00020922111512810268,-0.9987419735941392
129.205,-76.77269744873047,71.76725769042969,38.400001525878906,0.0023557204122366363,-0.05012691668443196,-0.000341660381900808,-0.9987400192608861
129.205,-76.77269744873047,71.76725769042969,38.400001525878906,0.0023557204122366363,-0.05012691668443196,-0.000341660381900808,-0.9987400192608861
129.4525,-76.77269744873047,71.76725769042969,38.0099983215332,0.0023788929532861905,-0.04880246019854726,-0.0003392659793388943,-0.9988055594786611
129.4525,-76.77269744873047,71.76725769042969,38.0099983215332,0.0023788929532861905,-0.04880246019854726,-0.0003392659793388943,-0.9988055594786611
129.705,-76.77269744873047,71.76725769042969,37.61000061035156,0.002391401603843321,-0.04985057308700481,-0.00027602263196094745,-0.9987537861619213
129.7075,-76.77269744873047,71.76725769042969,37.61000061035156,0.002391401603843321,-0.04985057308700481,-0.00027602263196094745,-0.9987537861619213
129.9575,-76.77269744873047,71.76725769042969,37.220001220703125,0.0021249965363432347,-0.05065897298263257,-0.0003735277266991104,-0.9987136793511456
129.96,-76.77269744873047,71.76725769042969,37.220001220703125,0.0021249965363432347,-0.05065897298263257,-0.0003735277266991104,-0.9987136793511456
130.205,-76.77269744873047,71.76725769042969,36.83000183105469,0.0019788085826168947,-0.04772842600906696,-0.0004904076292476293,-0.9988582688087673
130.205,-76.77269744873047,71.76725769042969,36.83000183105469,0.0019788085826168947,-0.04772842600906696,-0.0004904076292476293,-0.9988582688087673
130.4525,-76.77269744873047,71.77838897705078,36.439998626708984,0.002089904386169236,-0.048605210076003616,-0.0002993341009775905,-0.9988158370051109
130.4525,-76.77269744873047,71.77838897705078,36.439998626708984,0.002089904386169236,-0.048605210076003616,-0.0002993341009775905,-0.9988158370051109
130.71,-76.77269744873047,71.77838897705078,36.04999923706055,0.0024283357781348905,-0.04850873097454356,0.0005933475727813082,-0.9988196304354684
130.71,-76.77269744873047,71.77838897705078,36.04999923706055,0.0024283357781348905,-0.04850873097454356,0.0005933475727813082,-0.9988196304354684
130.9625,-76.79084777832031,71.77838897705078,35.650001525878906,0.0022299409634068926,-0.05055464899362121,-3.40136465811088e-05,-0.9987188061068557
130.9625,-76.79084777832031,71.77838897705078,35.650001525878906,0.0022299409634068926,-0.05055464899362121,-3.40136465811088e-05,-0.9987188061068557
131.21,-76.79084777832031,71.77838897705078,35.2400016784668,0.002273179414214174,-0.05044366985134281,-0.0001805337075191523,-0.9987243044178208
131.21,-76.79084777832031,71.77838897705078,35.2400016784668,0.002273179414214174,-0.05044366985134281,-0.0001805337075191523,-0.9987243044178208
131.455,-76.79084777832031,71.77838897705078,34.849998474121094,0.0022238623201386,-0.04995024337364201,-0.00011183328998245123,-0.9987492253396796
131.4575,-76.79084777832031,71.77838897705078,34.849998474121094,0.0022238623201386,-0.04995024337364201,-0.00011183328998245123,-0.9987492253396796
131.71,-76.79084777832031,71.77838897705078,34.439998626708984,0.0021621097381087054,-0.04991521306210299,-7.25517402901921e-05,-0.9987511159056043
131.71,-76.79084777832031,71.77838897705078,34.439998626708984,0.0021621097381087054,-0.04991521306210299,-7.25517402901921e-05,-0.9987511159056043
131.96,-76.79084777832031,71.77838897705078,34.040000915527344,0.0011034297451842335,-0.05172864826137123,-0.0031789256178193933,-0.9986555080826245
131.9625,-76.79084777832031,71.77838897705078,34.040000915527344,0.0011034297451842335,-0.05172864826137123,-0.0031789256178193933,-0.9986555080826245
132.205,-76.79084777832031,71.77838897705078,33.63999938964844,-0.004929103361721813,-0.057156458119822916,-0.02369281243834032,-0.9980718881293111
132.21,-76.79084777832031,71.77838897705078,33.63999938964844,-0.004929103361721813,-0.057156458119822916,-0.02369281243834032,-0.9980718881293111
132.4575,-76.77269744873047,71.8117904663086,33.25,-0.004081124974244347,-0.05660228903649912,-0.029823620585242606,-0.9979429226914536
132.4575,-76.77269744873047,71.8117904663086,33.25,-0.004081124974244347,-0.05660228903649912,-0.029823620585242606,-0.9979429226914536
132.71,-76.7545394897461,71.87857818603516,32.880001068115234,0.003030378607607406,-0.04829535067138839,-0.012782420255662246,-0.9987467074496064
132.71,-76.7545394897461,71.87857818603516,32.880001068115234,0.003030378607607406,-0.04829535067138839,-0.012782420255662246,-0.9987467074496064
132.9525,-76.73637390136719,71.94536590576172,32.529998779296875,0.004424028353894103,-0.02648795253197087,-0.0013278780663112644,-0.9996384611866578
132.9525,-76.73637390136719,71.94536590576172,32.529998779296875,0.004424028353894103,-0.02648795253197087,-0.0013278780663112644,-0.9996384611866578
133.21,-76.73637390136719,72.01216125488281,32.209999084472656,0.002390764573073133,-0.02090291423713282,0.005861434981965298,-0.9997614695521644
133.21,-76.73637390136719,72.01216125488281,32.209999084472656,0.002390764573073133,-0.02090291423713282,0.005861434981965298,-0.9997614695521644
133.46,-76.76361846923828,72.05668640136719,31.899999618530273,-0.002987206291476254,-0.029286881158259025,0.004273917573254794,-0.9995574464827778
133.46,-76.76361846923828,72.05668640136719,31.899999618530273,-0.002987206291476254,-0.029286881158259025,0.004273917573254794,-0.9995574464827778
133.7075,-76.80900573730469,72.11235046386719,31.59000015258789,-0.006433314223907973,-0.030944160937920382,0.0025901404640107204,-0.9994970547952211
133.7075,-76.80900573730469,72.11235046386719,31.59000015258789,-0.006433314223907973,-0.030944160937920382,0.0025901404640107204,-0.9994970547952211
133.9625,-76.88162994384766,72.16800689697266,31.270000457763672,-0.0071545675106007315,-0.03778845547571291,0.0018666771727424967,-0.9992584051749722
133.9625,-76.88162994384766,72.16800689697266,31.270000457763672,-0.0071545675106007315,-0.03778845547571291,0.0018666771727424967,-0.9992584051749722
134.21,-76.94517517089844,72.19026947021484,30.93000030517578,-0.005845866437779959,-0.042365720752623834,0.001131638900573577,-0.999084426334482
134.21,-76.94517517089844,72.19026947021484,30.93000030517578,-0.005845866437779959,-0.042365720752623834,0.001131638900573577,-0.999084426334482
134.4525,-77.0177993774414,72.23480224609375,30.59000015258789,-0.003454838801777885,-0.0483784917092119,0.0008099123647962712,-0.9988227719023814
134.4525,-77.0177993774414,72.23480224609375,30.59000015258789,-0.003454838801777885,-0.0483784917092119,0.0008099123647962712,-0.9988227719023814
134.7075,-77.08133697509766,72.25706481933594,30.219999313354492,-0.001301103548465413,-0.04977475037141971,-0.0003839485668996347,-0.9987595476081903
134.7075,-77.08133697509766,72.25706481933594,30.219999313354492,-0.001301103548465413,-0.04977475037141971,-0.0003839485668996347,-0.9987595476081903
134.96,-77.14488983154297,72.30158996582031,29.850000381469727,0.000491693649627364,-0.05178264719237123,-0.0004994369521862919,-0.9986581328211551
134.965,-77.14488983154297,72.30158996582031,29.850000381469727,0.000491693649627364,-0.05178264719237123,-0.0004994369521862919,-0.9986581328211551
135.2075,-77.19027709960938,72.3127212524414,29.510000228881836,0.0010513546608512637,-0.05248646383965796,-0.0008241082981441466,-0.9986207421301134
135.2075,-77.19027709960938,72.3127212524414,29.510000228881836,0.0010513546608512637,-0.05248646383965796,-0.0008241082981441466,-0.9986207421301134
135.4575,-77.22659301757812,72.34611511230469,29.170000076293945,4.894564378754269e-05,-0.04966232025848767,-0.0024301831249688203,-0.9987631079294261
135.4625,-77.22659301757812,72.34611511230469,29.170000076293945,4.894564378754269e-05,-0.04966232025848767,-0.0024301831249688203,-0.9987631079294261
135.71,-77.2447509765625,72.36837768554688,28.860000610351562,-0.0004900588853306049,-0.04626714140092538,-0.0011420458864868032,-0.9989283293610551
135.7125,-77.2447509765625,72.36837768554688,28.860000610351562,-0.0004900588853306049,-0.04626714140092538,-0.0011420458864868032,-0.9989283293610551
135.955,-77.28105926513672,72.3795166015625,28.56999969482422,-0.002106395015552434,-0.04416298271542936,-0.0019540256842258664,-0.9990202079244146
135.955,-77.28105926513672,72.3795166015625,28.56999969482422,-0.002106395015552434,-0.04416298271542936,-0.0019540256842258664,-0.9990202079244146
136.2025,-77.29920959472656,72.42404174804688,28.299999237060547,-0.003224484878283476,-0.0417091521219225,-0.0018201748968110685,-0.9991229335221391
136.2075,-77.29920959472656,72.42404174804688,28.299999237060547,-0.003224484878283476,-0.0417091521219225,-0.0018201748968110685,-0.9991229335221391
136.46,-77.33552551269531,72.44630432128906,28.049999237060547,-0.0035646647800379764,-0.04166670302201396,-0.00035225633940613163,-0.999125144784052
136.46,-77.33552551269531,72.44630432128906,28.049999237060547,-0.0035646647800379764,-0.04166670302201396,-0.00035225633940613163,-0.999125144784052
136.705,-77.36276245117188,72.45743560791016,27.809999465942383,-0.004304660595417511,-0.04254884800341046,-0.0008143423606428806,-0.9990847823269359
136.7175,-77.36276245117188,72.45743560791016,27.809999465942383,-0.004304660595417511,-0.04254884800341046,-0.0008143423606428806,-0.9990847823269359
136.955,-77.40814971923828,72.49082946777344,27.59000015258789,-0.004450836455634213,-0.04312769589649594,-0.00020607997456165972,-0.9990596325708232
136.9575,-77.40814971923828,72.49082946777344,27.59000015258789,-0.004450836455634213,-0.04312769589649594,-0.00020607997456165972,-0.9990596325708232
137.21,-77.44446563720703,72.52423095703125,27.3799991607666,-0.004229767475166016,-0.043883539017523565,0.0006319272939088864,-0.9990274994905288
137.21,-77.44446563720703,72.52423095703125,27.3799991607666,-0.004229767475166016,-0.043883539017523565,0.0006319272939088864,-0.9990274994905288
137.4625,-77.47169494628906,72.54649353027344,27.190000534057617,-0.004431941631700467,-0.0444396545730011,-0.00011308812944434618,-0.99900223333378
137.4675,-77.47169494628906,72.54649353027344,27.190000534057617,-0.004431941631700467,-0.0444396545730011,-0.00011308812944434618,-0.99900223333378
137.7125,-77.50801086425781,72.55762481689453,27.010000228881836,-0.003944860092373439,-0.045265031817186004,0.001077317854471882,-0.9989666432667714
137.7125,-77.50801086425781,72.55762481689453,27.010000228881836,-0.003944860092373439,-0.045265031817186004,0.001077317854471882,-0.9989666432667714
137.96,-77.53524017333984,72.57988739013672,26.850000381469727,-0.00387332612446917,-0.04591689295964302,0.001394060991039873,-0.9989367812227256
137.96,-77.53524017333984,72.57988739013672,26.850000381469727,-0.00387332612446917,-0.04591689295964302,0.001394060991039873,-0.9989367812227256
138.2075,-77.58063507080078,72.59101867675781,26.700000762939453,-0.004137574220198228,-0.04575122123175,0.0008813736464733575,-0.9989439070417672
138.2075,-77.58063507080078,72.59101867675781,26.700000762939453,-0.004137574220198228,-0.04575122123175,0.0008813736464733575,-0.9989439070417672
138.465,-77.58971405029297,72.6021499633789,26.56999969482422,-0.004613009821633654,-0.045994225367089095,7.960677934514905e-05,-0.998931051192237
138.4675,-77.58971405029297,72.6021499633789,26.56999969482422,-0.004613009821633654,-0.045994225367089095,7.960677934514905e-05,-0.998931051192237
138.71,-77.62602233886719,72.63554382324219,26.440000534057617,-0.0042653168339188445,-0.04647639767085643,0.0018636500637429104,-0.9989085435315319
138.7125,-77.62602233886719,72.63554382324219,26.440000534057617,-0.0042653168339188445,-0.04647639767085643,0.0018636500637429104,-0.9989085435315319
138.96,-77.63510131835938,72.64667510986328,26.329999923706055,-0.0046938816839116075,-0.045964701955119126,0.0015978918893889264,-0.9989307585565801
138.9625,-77.63510131835938,72.64667510986328,26.329999923706055,-0.0046938816839116075,-0.045964701955119126,0.0015978918893889264,-0.9989307585565801
139.2125,-77.64417266845703,72.6578140258789,26.229999542236328,-0.005155556680098153,-0.04504277385134498,0.0007840309367190949,-0.9989714480677538
139.2175,-77.64417266845703,72.6578140258789,26.229999542236328,-0.005155556680098153,-0.04504277385134498,0.0007840309367190949,-0.9989714480677538
139.4625,-77.67141723632812,72.6578140258789,26.139999389648438,-0.005231198285493124,-0.045960754317331376,0.0007605421595574973,-0.998929259358591
139.4625,-77.67141723632812,72.6578140258789,26.139999389648438,-0.005231198285493124,-0.045960754317331376,0.0007605421595574973,-0.998929259358591
139.71,-77.67141723632812,72.6689453125,26.049999237060547,-0.00553644662477171,-0.04524559726998198,-0.00023045862652754575,-0.9989605250335346
139.71,-77.67141723632812,72.6689453125,26.049999237060547,-0.00553644662477171,-0.04524559726998198,-0.00023045862652754575,-0.9989605250335346
139.9625,-77.67141723632812,72.6689453125,25.979999542236328,-0.005026399780240168,-0.04395013094818934,0.0006700248841356366,-0.999020856820087
139.9625,-77.67141723632812,72.6689453125,25.979999542236328,-0.005026399780240168,-0.04395013094818934,0.0006700248841356366,-0.999020856820087
140.21,-77.68048858642578,72.69120788574219,25.920000076293945,-0.004566593147842915,-0.044087555755702584,0.0019372035487318071,-0.999015355686248
140.21,-77.68048858642578,72.69120788574219,25.920000076293945,-0.004566593147842915,-0.044087555755702584,0.0019372035487318071,-0.999015355686248
140.46,-77.68048858642578,72.70233917236328,25.860000610351562,-0.005002529275274839,-0.043399723558810194,0.0009853979837831741,-0.9990447776184421
140.4625,-77.68048858642578,72.70233917236328,25.860000610351562,-0.005002529275274839,-0.043399723558810194,0.0009853979837831741,-0.9990447776184421
140.715,-77.68956756591797,72.70233917236328,25.809999465942383,-0.005046609386790193,-0.04340632550361863,0.0005922651372563073,-0.9990445795168392
140.715,-77.68956756591797,72.70233917236328,25.809999465942383,-0.005046609386790193,-0.04340632550361863,0.0005922651372563073,-0.9990445795168392
140.96,-77.68956756591797,72.71347045898438,25.770000457763672,-0.004765957596954476,-0.04284017472752613,0.0005573620810076598,-0.9990704151485068
140.96,-77.68956756591797,72.71347045898438,25.770000457763672,-0.004765957596954476,-0.04284017472752613,0.0005573620810076598,-0.9990704151485068
141.21,-77.70772552490234,72.71347045898438,25.729999542236328,-0.004477610520650935,-0.04387024161680306,0.0007892212214527365,-0.9990268915471555
141.215,-77.70772552490234,72.71347045898438,25.729999542236328,-0.004477610520650935,-0.04387024161680306,0.0007892212214527365,-0.9990268915471555
141.4625,-77.70772552490234,72.72460174560547,25.700000762939453,-0.004690021027660809,-0.044040444217469346,-0.00016997481615699378,-0.9990187255924936
141.4625,-77.70772552490234,72.72460174560547,25.700000762939453,-0.004690021027660809,-0.044040444217469346,-0.00016997481615699378,-0.9990187255924936
141.71,-77.70772552490234,72.72460174560547,25.670000076293945,-0.0041479002002675095,-0.04328207900798173,0.0009370899377982669,-0.9990538416037065
141.71,-77.70772552490234,72.72460174560547,25.670000076293945,-0.0041479002002675095,-0.04328207900798173,0.0009370899377982669,-0.9990538416037065
141.96,-77.70772552490234,72.72460174560547,25.649999618530273,-0.004438108989549386,-0.042435919795297934,0.00015192290272550296,-0.999089321742133
141.96,-77.70772552490234,72.72460174560547,25.649999618530273,-0.004438108989549386,-0.042435919795297934,0.00015192290272550296,-0.999089321742133
142.215,-77.70772552490234,72.72460174560547,25.6299991607666,-0.004454097051120434,-0.04200401439130989,-0.0003034663385277857,-0.9991074675442353
142.215,-77.70772552490234,72.72460174560547,25.6299991607666,-0.004454097051120434,-0.04200401439130989,-0.0003034663385277857,-0.9991074675442353
142.4575,-77.70772552490234,72.72460174560547,25.610000610351562,-0.004366367862172374,-0.04252999518492842,-0.00013749057740323814,-0.9990856396914146
142.4625,-77.70772552490234,72.72460174560547,25.610000610351562,-0.004366367862172374,-0.04252999518492842,-0.00013749057740323814,-0.9990856396914146
142.7075,-77.71680450439453,72.72460174560547,25.600000381469727,-0.004456252326705437,-0.04245631235200051,-0.00036796228568970524,-0.999088318398542
142.7075,-77.71680450439453,72.72460174560547,25.600000381469727,-0.004456252326705437,-0.04245631235200051,-0.00036796228568970524,-0.999088318398542
142.965,-77.71680450439453,72.73573303222656,25.59000015258789,-0.0041572793439653725,-0.04257836851808816,0.00026567690336004465,-0.9990844453691476
142.965,-77.71680450439453,72.73573303222656,25.59000015258789,-0.0041572793439653725,-0.04257836851808816,0.00026567690336004465,-0.9990844453691476
143.21,-77.72587585449219,72.73573303222656,25.579999923706055,-0.0041753474451451415,-0.04341357983694289,0.000493819192255994,-0.9990483390217209
143.21,-77.72587585449219,72.73573303222656,25.579999923706055,-0.0041753474451451415,-0.04341357983694289,0.000493819192255994,-0.9990483390217209
143.4625,-77.72587585449219,72.75799560546875,25.56999969482422,-0.004186075456137753,-0.042893031191323976,0.00033611562518202085,-0.9990708441716143
143.4625,-77.72587585449219,72.75799560546875,25.56999969482422,-0.004186075456137753,-0.042893031191323976,0.00033611562518202085,-0.9990708441716143
143.7125,-77.73495483398438,72.75799560546875,25.559999465942383,-0.0035355155179492863,-0.0436643979190071,0.0019456536302513172,-0.9990381048370196
143.72,-77.73495483398438,72.75799560546875,25.559999465942383,-0.0035355155179492863,-0.0436643979190071,0.0019456536302513172,-0.9990381048370196
143.96,-77.75311279296875,72.75799560546875,25.559999465942383,-0.004074402954376557,-0.043049105254059826,0.00025988248213095486,-0.9990646156472993
143.96,-77.75311279296875,72.75799560546875,25.559999465942383,-0.004074402954376557,-0.043049105254059826,0.00025988248213095486,-0.9990646156472993
144.215,-77.75311279296875,72.75799560546875,25.549999237060547,-0.003832687355325162,-0.04443773112067312,0.0001957794180647726,-0.9990047848888924
144.215,-77.75311279296875,72.75799560546875,25.549999237060547,-0.003832687355325162,-0.04443773112067312,0.0001957794180647726,-0.9990047848888924
144.4575,-77.75311279296875,72.76912689208984,25.549999237060547,-0.0033066244659367165,-0.04379626195487178,0.001470407536321139,-0.999033929141097
144.46,-77.75311279296875,72.76912689208984,25.549999237060547,-0.0033066244659367165,-0.04379626195487178,0.001470407536321139,-0.999033929141097
144.7125,-77.75311279296875,72.76912689208984,25.540000915527344,-0.003658548041184098,-0.04333691472467041,0.0006142595502468388,-0.9990536269558214
144.7125,-77.75311279296875,72.76912689208984,25.540000915527344,-0.003658548041184098,-0.04333691472467041,0.0006142595502468388,-0.9990536269558214
144.965,-77.75311279296875,72.76912689208984,25.540000915527344,-0.00371818029917548,-0.042783097165336695,0.00013200802188408645,-0.9990774566098899
144.965,-77.75311279296875,72.76912689208984,25.540000915527344,-0.00371818029917548,-0.042783097165336695,0.00013200802188408645,-0.9990774566098899
145.2125,-77.75311279296875,72.76912689208984,25.540000915527344,-0.003646398143173804,-0.04314843532517547,0.00036659267668084786,-0.9990619509917191
145.2125,-77.75311279296875,72.76912689208984,25.540000915527344,-0.003646398143173804,-0.04314843532517547,0.00036659267668084786,-0.9990619509917191
145.4625,-77.75311279296875,72.76912689208984,25.540000915527344,-0.0037931302261862724,-0.042794568179373216,0.00016391654246363183,-0.9990766788534278
145.4625,-77.75311279296875,72.76912689208984,25.540000915527344,-0.0037931302261862724,-0.042794568179373216,0.00016391654246363183,-0.9990766788534278
145.715,-77.75311279296875,72.76912689208984,25.540000915527344,-0.003721201793948417,-0.04237192485502862,6.676145259742553e-05,-0.9990949745565718
145.715,-77.75311279296875,72.76912689208984,25.540000915527344,-0.003721201793948417,-0.04237192485502862,6.676145259742553e-05,-0.9990949745565718
145.9675,-77.75311279296875,72.76912689208984,25.530000686645508,-0.003725747471818977,-0.042673036693670084,5.2214194156247176e-05,-0.9990821427784577
145.9675,-77.75311279296875,72.76912689208984,25.530000686645508,-0.003725747471818977,-0.042673036693670084,5.2214194156247176e-05,-0.9990821427784577
146.215,-77.75311279296875,72.76912689208984,25.530000686645508,-0.0036826488166653596,-0.04270773254704635,4.690681739443839e-05,-0.9990808202934002
146.2175,-77.75311279296875,72.76912689208984,25.530000686645508,-0.0036826488166653596,-0.04270773254704635,4.690681739443839e-05,-0.9990808202934002
146.4725,-77.76219177246094,72.76912689208984,25.530000686645508,-0.0036259637777776325,-0.042650480707855765,-7.011348181734783e-05,-0.9990834719712716
146.4725,-77.76219177246094,72.76912689208984,25.530000686645508,-0.0036259637777776325,-0.042650480707855765,-7.011348181734783e-05,-0.9990834719712716
146.7175,-77.76219177246094,72.76912689208984,25.530000686645508,-0.0035645698790190443,-0.0432541847102212,-0.0001064160776277959,-0.9990577350795349
146.72,-77.76219177246094,72.76912689208984,25.530000686645508,-0.0035645698790190443,-0.0432541847102212,-0.0001064160776277959,-0.9990577350795349
146.965,-77.76219177246094,72.76912689208984,25.530000686645508,-0.0035119146109149927,-0.04293266335618896,-6.761500536975803e-05,-0.9990717933667834
146.965,-77.76219177246094,72.76912689208984,25.530000686645508,-0.0035119146109149927,-0.04293266335618896,-6.761500536975803e-05,-0.9990717933667834
147.215,-77.76219177246094,72.76912689208984,25.530000686645508,-0.0034679013960441955,-0.04278564382232213,-7.004232734334747e-05,-0.9990782539104177
147.215,-77.76219177246094,72.76912689208984,25.530000686645508,-0.0034679013960441955,-0.04278564382232213,-7.004232734334747e-05,-0.9990782539104177
147.4625,-77.77127075195312,72.76912689208984,25.530000686645508,-0.003411717224140412,-0.04330857974398997,-8.334593859963882e-05,-0.999055914431017
147.465,-77.77127075195312,72.76912689208984,25.530000686645508,-0.003411717224140412,-0.04330857974398997,-8.334593859963882e-05,-0.999055914431017
147.715,-77.77127075195312,72.76912689208984,25.530000686645508,-0.003367984502015367,-0.04334759045548369,-7.162694510141332e-05,-0.9990543718695586
147.715,-77.77127075195312,72.76912689208984,25.530000686645508,-0.003367984502015367,-0.04334759045548369,-7.162694510141332e-05,-0.9990543718695586
147.965,-77.7712631225586,72.78025817871094,25.530000686645508,-0.0029555028834952228,-0.04316818179410703,0.0010188231714027781,-0.9990629284898134
147.9675,-77.7712631225586,72.78025817871094,25.530000686645508,-0.0029555028834952228,-0.04316818179410703,0.0010188231714027781,-0.9990629284898134
148.2125,-77.7712631225586,72.78025817871094,25.530000686645508,-0.0031745251198224715,-0.0432301728497447,0.0005480576656798825,-0.9990599452377421
148.2175,-77.7712631225586,72.78025817871094,25.530000686645508,-0.0031745251198224715,-0.0432301728497447,0.0005480576656798825,-0.9990599452377421
148.4625,-77.7712631225586,72.78025817871094,25.530000686645508,-0.0031635693790006995,-0.04276337339170566,8.394192782963187e-05,-0.999080216338357
148.465,-77.7712631225586,72.78025817871094,25.530000686645508,-0.0031635693790006995,-0.04276337339170566,8.394192782963187e-05,-0.999080216338357
148.715,-77.78034210205078,72.78025817871094,25.530000686645508,-0.002945609844158428,-0.043314061452414176,0.00030455095221956297,-0.9990571168416048
148.715,-77.78034210205078,72.78025817871094,25.530000686645508,-0.002945609844158428,-0.043314061452414176,0.00030455095221956297,-0.9990571168416048
148.9625,-77.78034210205078,72.78025817871094,25.530000686645508,-0.002987924308726855,-0.043660708182017054,0.000253442309807199,-0.9990419163560484
148.9725,-77.78034210205078,72.78025817871094,25.530000686645508,-0.002987924308726855,-0.043660708182017054,0.000253442309807199,-0.9990419163560484
149.2175,-77.78034210205078,72.78025817871094,25.530000686645508,-0.0030131347850865823,-0.043167071885989096,0.00016956423843468444,-0.9990633093911145
149.22,-77.78034210205078,72.78025817871094,25.530000686645508,-0.0030131347850865823,-0.043167071885989096,0.00016956423843468444,-0.9990633093911145
149.465,-77.78034210205078,72.78025817871094,25.530000686645508,-0.00301775038879665,-0.04311551969747922,0.00017846527947894484,-0.9990655200205596
149.465,-77.78034210205078,72.78025817871094,25.530000686645508,-0.00301775038879665,-0.04311551969747922,0.00017846527947894484,-0.9990655200205596
149.7125,-77.78034210205078,72.78025817871094,25.530000686645508,-0.0029953572026689716,-0.04299012129954228,0.00014090828435569258,-0.9990709972022682
149.7125,-77.78034210205078,72.78025817871094,25.530000686645508,-0.0029953572026689716,-0.04299012129954228,0.00014090828435569258,-0.9990709972022682
149.96,-77.78034210205078,72.78025817871094,25.530000686645508,-0.002957021637858384,-0.04296951060111052,0.00012565100783630418,-0.9990720001048767
149.965,-77.78034210205078,72.78025817871094,25.530000686645508,-0.002957021637858384,-0.04296951060111052,0.00012565100783630418,-0.9990720001048767
150.215,-77.78034210205078,72.78025817871094,25.530000686645508,-0.0029259252820884067,-0.04291403093282873,0.0001223330221326578,-0.9990744766757742
150.2175,-77.78034210205078,72.78025817871094,25.530000686645508,-0.0029259252820884067,-0.04291403093282873,0.0001223330221326578,-0.9990744766757742
150.4625,-77.78034210205078,72.78025817871094,25.530000686645508,-0.002887684490582745,-0.04297905883701525,0.00012636557181949307,-0.9990717921208212
150.4625,-77.78034210205078,72.78025817871094,25.530000686645508,-0.002887684490582745,-0.04297905883701525,0.00012636557181949307,-0.9990717921208212
150.7125,-77.78034210205078,72.78025817871094,25.530000686645508,-0.002848990767476081,-0.04291757594473879,0.00011774462077417333,-0.9990745473000695
150.7125,-77.78034210205078,72.78025817871094,25.530000686645508,-0.002848990767476081,-0.04291757594473879,0.00011774462077417333,-0.9990745473000695
150.9625,-77.78034210205078,72.78025817871094,25.530000686645508,-0.0028065595616548226,-0.042849953916684454,8.430025044755968e-05,-0.9990775733476518
150.965,-77.78034210205078,72.78025817871094,25.530000686645508,-0.0028065595616548226,-0.042849953916684454,8.430025044755968e-05,-0.9990775733476518
151.2125,-77.78034210205078,72.78025817871094,25.520000457763672,-0.002758136553244697,-0.04284592366247419,8.752942674831882e-05,-0.9990778807714954
151.215,-77.78034210205078,72.78025817871094,25.520000457763672,-0.002758136553244697,-0.04284592366247419,8.752942674831882e-05,-0.9990778807714954
151.4675,-77.78034210205078,72.79138946533203,25.530000686645508,-0.0024566108547151603,-0.04299210592716031,0.000889774158933774,-0.9990719955003255
151.4675,-77.78034210205078,72.79138946533203,25.530000686645508,-0.0024566108547151603,-0.04299210592716031,0.000889774158933774,-0.9990719955003255
151.7125,-77.78034210205078,72.79138946533203,25.530000686645508,-0.0025489992963568823,-0.04302708145280777,0.0008649389818921245,-0.99907028018293
151.7125,-77.78034210205078,72.79138946533203,25.530000686645508,-0.0025489992963568823,-0.04302708145280777,0.0008649389818921245,-0.99907028018293
151.9625,-77.78034210205078,72.79138946533203,25.530000686645508,-0.002652991351679404,-0.04295809872848501,0.0001643292015399132,-0.9990733388427675
151.965,-77.78034210205078,72.79138946533203,25.530000686645508,-0.002652991351679404,-0.04295809872848501,0.0001643292015399132,-0.9990733388427675
152.2175,-77.78034210205078,72.79138946533203,25.530000686645508,-0.0023934657860041368,-0.04258067986253874,0.00033569595956488854,-0.9990901082145685
152.2175,-77.78034210205078,72.79138946533203,25.530000686645508,-0.0023934657860041368,-0.04258067986253874,0.00033569595956488854,-0.9990901082145685
152.4625,-77.78034210205078,72.79138946533203,25.530000686645508,-0.0023585513540580498,-0.04265270329096291,0.00034208616413399173,-0.9990871168794739
152.47,-77.78034210205078,72.79138946533203,25.530000686645508,-0.0023585513540580498,-0.04265270329096291,0.00034208616413399173,-0.9990871168794739
152.7125,-77.78034210205078,72.79138946533203,25.520000457763672,-0.002447953697373109,-0.042871947557114105,0.00025610187773863905,-0.9990775435606507
152.7125,-77.78034210205078,72.79138946533203,25.520000457763672,-0.002447953697373109,-0.042871947557114105,0.00025610187773863905,-0.9990775435606507
152.9675,-77.78034210205078,72.79138946533203,25.530000686645508,-0.0024798201987568684,-0.042962153311662546,0.0002591521821890077,-0.9990735892389275
152.9675,-77.78034210205078,72.79138946533203,25.530000686645508,-0.0024798201987568684,-0.042962153311662546,0.0002591521821890077,-0.9990735892389275
153.2125,-77.78034210205078,72.79138946533203,25.530000686645508,-0.0024748042790228046,-0.04328994201969598,0.00020558015860470483,-0.9990594646969271
153.2125,-77.78034210205078,72.79138946533203,25.530000686645508,-0.0024748042790228046,-0.04328994201969598,0.00020558015860470483,-0.9990594646969271
153.4625,-77.78034210205078,72.79138946533203,25.530000686645508,-0.0024213856373317437,-0.04285574644154315,0.00013001931251824817,-0.9990783277518894
153.4625,-77.78034210205078,72.79138946533203,25.530000686645508,-0.0024213856373317437,-0.04285574644154315,0.00013001931251824817,-0.9990783277518894
153.715,-77.78034210205078,72.78025817871094,25.530000686645508,-0.002515660134312761,-0.04249417062488367,-0.00020418948666665662,-0.9990935267649599
153.715,-77.78034210205078,72.78025817871094,25.530000686645508,-0.002515660134312761,-0.04249417062488367,-0.00020418948666665662,-0.9990935267649599
153.965,-77.78034210205078,72.78025817871094,25.520000457763672,-0.002470857806553764,-0.042532601656332894,-0.0010104141134989523,-0.9990915131865363
153.965,-77.78034210205078,72.78025817871094,25.520000457763672,-0.002470857806553764,-0.042532601656332894,-0.0010104141134989523,-0.9990915131865363
154.2125,-77.78034210205078,72.78025817871094,25.530000686645508,-0.0018228765039601828,-0.04292078452935865,-0.000119011078864585,-0.9990768084651944
154.2125,-77.78034210205078,72.78025817871094,25.530000686645508,-0.0018228765039601828,-0.04292078452935865,-0.000119011078864585,-0.9990768084651944
154.465,-77.78034210205078,72.78025817871094,25.530000686645508,-0.001632541325142181,-0.04330171544665347,-8.339185482017289e-05,-0.9990607035080488
154.465,-77.78034210205078,72.78025817871094,25.530000686645508,-0.001632541325142181,-0.04330171544665347,-8.339185482017289e-05,-0.9990607035080488
154.7125,-77.78034210205078,72.78025817871094,25.530000686645508,-0.0016491091818486873,-0.04327636062189309,-0.000195058331044906,-0.9990617593534834
154.7125,-77.78034210205078,72.78025817871094,25.530000686645508,-0.0016491091818486873,-0.04327636062189309,-0.000195058331044906,-0.9990617593534834
154.9625,-77.79850769042969,72.78025817871094,25.530000686645508,-0.0017732423523790259,-0.04430076113807588,-0.0001804397157060453,-0.9990166493185466
154.9625,-77.79850769042969,72.78025817871094,25.530000686645508,-0.0017732423523790259,-0.04430076113807588,-0.0001804397157060453,-0.9990166493185466
155.215,-77.79850769042969,72.78025817871094,25.520000457763672,-0.002032926801159465,-0.043314864741596557,-0.00010066135595591027,-0.9990593974175559
155.215,-77.79850769042969,72.78025817871094,25.520000457763672,-0.002032926801159465,-0.043314864741596557,-0.00010066135595591027,-0.9990593974175559
155.465,-77.78034210205078,72.78025817871094,25.520000457763672,-0.0021298251047552922,-0.04170327547101069,-6.913791740553512e-05,-0.9991277675452528
155.4675,-77.78034210205078,72.78025817871094,25.520000457763672,-0.0021298251047552922,-0.04170327547101069,-6.913791740553512e-05,-0.9991277675452528
155.7125,-77.78034210205078,72.78025817871094,25.530000686645508,-0.0021592357192124515,-0.04233371935892504,5.72076673362049e-06,-0.9991011930098079
155.7125,-77.78034210205078,72.78025817871094,25.530000686645508,-0.0021592357192124515,-0.04233371935892504,5.72076673362049e-06,-0.9991011930098079
155.965,-77.79850769042969,72.78025817871094,25.530000686645508,-0.0021537222949609717,-0.04343041323717017,1.4304339106619686e-05,-0.999054132908578
155.97,-77.79850769042969,72.78025817871094,25.530000686645508,-0.0021537222949609717,-0.04343041323717017,1.4304339106619686e-05,-0.999054132908578
156.2125,-77.79850769042969,72.78025817871094,25.530000686645508,-0.0021341231008388277,-0.044014331179485014,3.97546045315966e-05,-0.9990286195044586
156.2125,-77.79850769042969,72.78025817871094,25.530000686645508,-0.0021341231008388277,-0.044014331179485014,3.97546045315966e-05,-0.9990286195044586
156.465,-77.78034210205078,72.78025817871094,25.530000686645508,-0.0021181187776346836,-0.04214401821206405,7.402661841885786e-05,-0.9991092982361063
156.465,-77.78034210205078,72.78025817871094,25.530000686645508,-0.0021181187776346836,-0.04214401821206405,7.402661841885786e-05,-0.9991092982361063
156.715,-77.78034210205078,72.78025817871094,25.520000457763672,-0.00209441611553052,-0.04228817616114307,0.00011017207109828784,-0.9991032536430926
156.715,-77.78034210205078,72.78025817871094,25.520000457763672,-0.00209441611553052,-0.04228817616114307,0.00011017207109828784,-0.9991032536430926
156.9625,-77.78034210205078,72.79138946533203,25.530000686645508,-0.0019026556993571057,-0.04278206078718002,0.0005352528822932371,-0.9990824734127026
156.9625,-77.78034210205078,72.79138946533203,25.530000686645508,-0.0019026556993571057,-0.04278206078718002,0.0005352528822932371,-0.9990824734127026
157.2125,-77.79850769042969,72.79138946533203,25.530000686645508,-0.0017029616279177233,-0.044086008212686954,0.0011136682202070786,-0.9990256671100399
157.2125,-77.79850769042969,72.79138946533203,25.530000686645508,-0.0017029616279177233,-0.044086008212686954,0.0011136682202070786,-0.9990256671100399
157.4675,-77.78034210205078,72.79138946533203,25.530000686645508,-0.001953416133880173,-0.04427122595378802,0.0002641714777717103,-0.9990176039146592
157.4675,-77.78034210205078,72.79138946533203,25.530000686645508,-0.001953416133880173,-0.04427122595378802,0.0002641714777717103,-0.9990176039146592
157.7125,-77.78034210205078,72.79138946533203,25.530000686645508,-0.0017778892705510056,-0.041610317901881536,0.0003613536414601841,-0.9991322685097261
157.7125,-77.78034210205078,72.79138946533203,25.530000686645508,-0.0017778892705510056,-0.041610317901881536,0.0003613536414601841,-0.9991322685097261
157.97,-77.78034210205078,72.79138946533203,25.530000686645508,-0.001764454198526502,-0.042365564160172106,0.00042193749887406304,-0.9991005292979874
157.97,-77.78034210205078,72.79138946533203,25.530000686645508,-0.001764454198526502,-0.042365564160172106,0.00042193749887406304,-0.9991005292979874
158.215,-77.78034210205078,72.79138946533203,25.520000457763672,-0.0018604022156972237,-0.04269481905463828,0.00028013773342051726,-0.9990863890837156
158.215,-77.78034210205078,72.79138946533203,25.520000457763672,-0.0018604022156972237,-0.04269481905463828,0.00028013773342051726,-0.9990863890837156
158.4675,-77.78034210205078,72.79138946533203,25.530000686645508,-0.0018969662356415088,-0.04253929784914062,0.00027487235669819643,-0.9990929556867022
158.4675,-77.78034210205078,72.79138946533203,25.530000686645508,-0.0018969662356415088,-0.04253929784914062,0.00027487235669819643,-0.9990929556867022
158.72,-77.79850769042969,72.79138946533203,25.530000686645508,-0.0018947957733589954,-0.04426646906726896,0.0001952470813954507,-0.999017943454406
158.72,-77.79850769042969,72.79138946533203,25.530000686645508,-0.0018947957733589954,-0.04426646906726896,0.0001952470813954507,-0.999017943454406
158.965,-77.79850769042969,72.79138946533203,25.530000686645508,-0.0018743378587289831,-0.04405906159575684,0.00015829189863723417,-0.9990271572347609
158.9675,-77.79850769042969,72.79138946533203,25.530000686645508,-0.0018743378587289831,-0.04405906159575684,0.00015829189863723417,-0.9990271572347609
159.215,-77.79850769042969,72.79138946533203,25.530000686645508,-0.001856957023587849,-0.04319739723390956,0.00014361102868036419,-0.9990648206991881
159.2175,-77.79850769042969,72.79138946533203,25.530000686645508,-0.001856957023587849,-0.04319739723390956,0.00014361102868036419,-0.9990648206991881
159.4675,-77.79850769042969,72.79138946533203,25.520000457763672,-0.0018344374201304551,-0.04309702945767219,0.0001532061623577227,-0.9990691955110758
159.4675,-77.79850769042969,72.79138946533203,25.520000457763672,-0.0018344374201304551,-0.04309702945767219,0.0001532061623577227,-0.9990691955110758
159.715,-77.79850769042969,72.79138946533203,25.520000457763672,-0.0018208750140801281,-0.04325897437365535,0.00014503654795845628,-0.9990622225440826
159.715,-77.79850769042969,72.79138946533203,25.520000457763672,-0.0018208750140801281,-0.04325897437365535,0.00014503654795845628,-0.9990622225440826
159.9675,-77.79850769042969,72.79138946533203,25.530000686645508,-0.0017910396520917663,-0.043317044217589695,0.00010955913882889715,-0.9990597649059894
159.97,-77.79850769042969,72.79138946533203,25.530000686645508,-0.0017910396520917663,-0.043317044217589695,0.00010955913882889715,-0.9990597649059894
160.2175,-77.78034210205078,72.79138946533203,25.530000686645508,-0.0017680033574893365,-0.043508988679727155,7.791436376174005e-05,-0.9990514681424312
160.2175,-77.78034210205078,72.79138946533203,25.530000686645508,-0.0017680033574893365,-0.043508988679727155,7.791436376174005e-05,-0.9990514681424312
160.47,-77.78034210205078,72.78025817871094,25.530000686645508,-0.002057695838369791,-0.04132697969919851,-0.0010097229131358957,-0.9991430463634412
160.47,-77.78034210205078,72.78025817871094,25.530000686645508,-0.002057695838369791,-0.04132697969919851,-0.0010097229131358957,-0.9991430463634412
160.715,-77.78034210205078,72.78025817871094,25.530000686645508,-0.0014683753068276987,-0.0421098423066006,-0.0005340339426804174,-0.9991117654510029
160.9675,-77.78034210205078,72.78025817871094,25.520000457763672,-0.0010059804563320477,-0.042828381839286084,-3.4363390222064388e-06,-0.9990819374308302
161.215,-77.78034210205078,72.78025817871094,25.530000686645508,-0.0010037905709356946,-0.042711742193236715,-0.00019545704131379004,-0.9990869137767009
161.465,-77.78034210205078,72.78025817871094,25.530000686645508,-0.001096138153018014,-0.04294021176805368,-0.00021773435409696898,-0.9990770186958638
161.72,-77.78034210205078,72.78025817871094,25.530000686645508,-0.0013368158232638953,-0.04252641654615205,-0.00020043799810124651,-0.999094428291844
161.9725,-77.78034210205078,72.78025817871094,25.530000686645508,-0.0015204143316600608,-0.042286416269185854,-7.53519207552385e-05,-0.9991043697539599
162.215,-77.78034210205078,72.78025817871094,25.520000457763672,-0.0015860927729337585,-0.04265164137132817,-3.529145130248015e-06,-0.9990887457005971
162.4675,-77.78034210205078,72.78025817871094,25.530000686645508,-0.0016052101471806827,-0.04288291751863027,-3.616473050916657e-05,-0.9990788143973359
162.715,-77.78034210205078,72.78025817871094,25.530000686645508,-0.0015937785924342055,-0.04335832117142317,-4.352314002895516e-05,-0.9990583135937212
162.965,-77.78034210205078,72.78025817871094,25.530000686645508,-0.0015780281764190022,-0.04319725112430613,3.3908740424188597e-05,-0.9990653162694497
163.2175,-77.78034210205078,72.79138946533203,25.530000686645508,-0.0014036472826414207,-0.04256390572955053,0.0005495807089483545,-0.9990926091531235
163.47,-77.79850769042969,72.79138946533203,25.520000457763672,-0.0012763374029439748,-0.04311247074645088,0.0011193630315612436,-0.9990687828449922
163.7175,-77.79850769042969,72.79138946533203,25.530000686645508,-0.0015662616738843533,-0.04445220629644761,0.0002738861765205652,-0.9990102467773337
163.97,-77.79850769042969,72.79138946533203,25.530000686645508,-0.0013896664508995541,-0.04362046618707291,0.0003251923655631845,-0.9990471550465989
164.2175,-77.79850769042969,72.79138946533203,25.530000686645508,-0.0013343882948079226,-0.043613253555621026,0.0004122538428847863,-0.9990475131688886
164.465,-77.79850769042969,72.79138946533203,25.530000686645508,-0.0014130666985814914,-0.04321799298781385,0.00028353937641364827,-0.999064626503227
164.7175,-77.79850769042969,72.79138946533203,25.530000686645508,-0.0014529711349325928,-0.04309658147143751,0.0003173897407251721,-0.999069803769541
164.9675,-77.79850769042969,72.79138946533203,25.520000457763672,-0.0014700288685904365,-0.04320798850375361,0.0002318244395506015,-0.999064990379512
165.2225,-77.79850769042969,72.79138946533203,25.530000686645508,-0.0014544133344810443,-0.04321825794496181,0.0001662442405534399,-0.9990645821091384
165.47,-77.78034210205078,72.79138946533203,25.530000686645508,-0.001403807454402997,-0.041338271534544974,0.00011484680455147109,-0.9991442155371657
165.72,-77.78034210205078,72.79138946533203,25.530000686645508,-0.0014042156078338834,-0.04205650144310391,0.0001227521024010207,-0.9991142396126753
165.97,-77.78034210205078,72.79138946533203,25.530000686645508,-0.0013956277873891669,-0.04248291062183514,6.812495971659238e-05,-0.9990962165313038
166.2175,-77.78034210205078,72.79138946533203,25.520000457763672,-0.001388341609707691,-0.04276903093086269,6.11178392083468e-05,-0.999084019872913
166.4675,-77.78034210205078,72.79138946533203,25.530000686645508,-0.0013761729767404222,-0.0428933425857312,5.769041269563247e-05,-0.9990787076009466
166.72,-77.78034210205078,72.78025817871094,25.530000686645508,-0.001369403052782439,-0.043291772527193725,5.20758917282303e-05,-0.999061531866198
166.9725,-77.78034210205078,72.78025817871094,25.530000686645508,-0.0015746752654605704,-0.04260491931787934,-0.001138553106483893,-0.9990901085210226
167.2175,-77.78034210205078,72.78025817871094,25.530000686645508,-0.0008812106359648601,-0.04260710914220369,-0.0002703696562221121,-0.9990914796046498
167.47,-77.78034210205078,72.78025817871094,25.520000457763672,-0.0005849534508494151,-0.042997126821340145,-6.136383817425875e-05,-0.9990750227830987
167.7175,-77.78034210205078,72.78025817871094,25.530000686645508,-0.0006306277745152826,-0.04304352055986232,-0.00023722090033281978,-0.9990729709949455
167.9725,-77.78034210205078,72.78025817871094,25.530000686645508,-0.0007725788771157398,-0.043417689400319204,-0.00023677447586221758,-0.9990566807278072
168.22,-77.78034210205078,72.78025817871094,25.530000686645508,-0.0010403357824333463,-0.04292545794958647,-0.00014288305892618108,-0.9990777258780768
168.4725,-77.78034210205078,72.78025817871094,25.530000686645508,-0.001187383707198955,-0.042367631525269955,-0.00016094459850356363,-0.9991013702401306
168.7175,-77.78034210205078,72.78025817871094,25.520000457763672,-0.001244528680264703,-0.04267767422708573,-1.0654470968625315e-05,-0.999088117814146
168.97,-77.79850769042969,72.78025817871094,25.530000686645508,-0.0012690265239528901,-0.04424349475244357,1.993353078886273e-05,-0.9990199709447387
169.2175,-77.79850769042969,72.78025817871094,25.530000686645508,-0.0012664501784429042,-0.04404974490071055,5.3291987558144455e-06,-0.9990285361538616
169.4675,-77.79850769042969,72.79138946533203,25.530000686645508,-0.0012687160018121117,-0.04345263240700588,6.887155848703472e-05,-0.9990546803620494
169.72,-77.79850769042969,72.79138946533203,25.530000686645508,-0.0008745113037182976,-0.043286088502807726,0.0012478297974008652,-0.9990615560078885
169.9675,-77.79850769042969,72.79138946533203,25.520000457763672,-0.001218268822492932,-0.043351511919438285,0.000444286716569381,-0.9990590397192192
170.2175,-77.79850769042969,72.79138946533203,25.530000686645508,-0.0011336911652877783,-0.04310822833479536,0.00023522809941572143,-0.9990697373366476
170.47,-77.79850769042969,72.79138946533203,25.530000686645508,-0.0010314277711751,-0.04318483618789401,0.00044612384180001,-0.9990664677856501
170.7175,-77.79850769042969,72.79138946533203,25.530000686645508,-0.001142095125584555,-0.043223317392890856,0.0003495555946818039,-0.9990647217588877
170.9675,-77.78034210205078,72.79138946533203,25.530000686645508,-0.0011539640506932928,-0.04140541023908119,0.0001773547349241977,-0.9991417461577716
171.22,-77.78034210205078,72.79138946533203,25.520000457763672,-0.0011775388877114405,-0.04239073303590425,0.00019422481941833378,-0.9991003960721696
171.47,-77.78034210205078,72.79138946533203,25.530000686645508,-0.001180484207119306,-0.042664065562174475,0.00016686271151816976,-0.9990887628852498
171.7225,-77.78034210205078,72.79138946533203,25.530000686645508,-0.0011727907090506888,-0.042839680268022096,0.0001634248835354368,-0.9990812577807642
171.97,-77.78034210205078,72.79138946533203,25.530000686645508,-0.0011716299168150783,-0.042841771166163535,0.00017378070425101572,-0.999081167737112
172.22,-77.78034210205078,72.79138946533203,25.530000686645508,-0.001162674704986824,-0.04242170931032494,0.00013951468347365864,-0.999099107847852
172.4725,-77.78034210205078,72.79138946533203,25.520000457763672,-0.0011446391858517839,-0.04246494752696771,3.96555775834134e-05,-0.9990973007971251
172.72,-77.78034210205078,72.79138946533203,25.530000686645508,-0.0011380219000797246,-0.0427745773550727,3.581238934386802e-05,-0.999084100141586
172.97,-77.78034210205078,72.79138946533203,25.530000686645508,-0.0011265766902799927,-0.04307757155685467,3.444892569844313e-05,-0.9990710948010639
173.2225,-77.78034210205078,72.78025817871094,25.530000686645508,-0.0014201961596675442,-0.04315286264636406,-0.0010388326087029678,-0.9990669318494648
173.47,-77.78034210205078,72.78025817871094,25.530000686645508,-0.0008700166491192899,-0.042501769100198546,-0.0006099232860786604,-0.999095826579197
173.725,-77.78034210205078,72.78025817871094,25.530000686645508,-0.0003874044022769722,-0.042864200574945485,-2.6447494044454814e-05,-0.9990808323291114
173.9725,-77.78034210205078,72.78025817871094,25.520000457763672,-0.00034523698827149384,-0.04315364261563647,-0.0002164297106918857,-0.9990683645770213
174.22,-77.79850769042969,72.78025817871094,25.530000686645508,-0.00043596086785064047,-0.044897151955650985,-0.0002184619998379911,-0.9989914954386486
174.47,-77.79850769042969,72.78025817871094,25.530000686645508,-0.0006756861215937465,-0.04422729154056168,-0.00014916182707521697,-0.9990212549700836
174.7225,-77.79850769042969,72.78025817871094,25.530000686645508,-0.0009222249443469637,-0.04339328867416732,-0.00014013273464027118,-0.9990576321524245
174.97,-77.79850769042969,72.78025817871094,25.530000686645508,-0.001017189328201609,-0.042980357751172676,-0.00011684644267301788,-0.9990753928109533
175.22,-77.79850769042969,72.78025817871094,25.520000457763672,-0.0010515161204976446,-0.04299113606089931,-6.220709066205368e-05,-0.9990748984256982
175.4725,-77.79850769042969,72.78025817871094,25.530000686645508,-0.0010594103092869149,-0.04315999715000811,-3.829450948265994e-05,-0.9990676107398029
175.72,-77.79850769042969,72.78025817871094,25.530000686645508,-0.001063616011852067,-0.04309817082047,-7.19070040168304e-06,-0.9990702759772221
175.97,-77.78034210205078,72.79138946533203,25.530000686645508,-0.0006595114767591362,-0.0414818414053284,0.001159558052678792,-0.9991383674463501
176.2225,-77.78034210205078,72.79138946533203,25.530000686645508,-0.0009160913044403722,-0.04223955206420789,0.0006581861033521466,-0.9991068750685235
176.47,-77.78034210205078,72.79138946533203,25.530000686645508,-0.0009409862616217039,-0.04233667003258419,0.00022598136079010842,-0.9991029325589191
176.72,-77.78034210205078,72.79138946533203,25.520000457763672,-0.0008224946630713851,-0.042987427792570455,0.000425376558683735,-0.9990751841623787
176.9725,-77.78034210205078,72.79138946533203,25.530000686645508,-0.0009591968764927098,-0.042948718056783186,0.0004033390417422706,-0.9990767362301298
177.22,-77.78034210205078,72.79138946533203,25.530000686645508,-0.0009800449694604167,-0.04309030797686415,0.00022291487714810402,-0.999070675767873
177.47,-77.78034210205078,72.79138946533203,25.530000686645508,-0.0010170306290912005,-0.04273737783767673,0.00026155184938928905,-0.9990857889965651
177.725,-77.78034210205078,72.79138946533203,25.530000686645508,-0.0010180212357248667,-0.04247292774907643,0.00018500553592012495,-0.9990970822768611
177.97,-77.78034210205078,72.79138946533203,25.520000457763672,-0.0010147489729857599,-0.04264306433116606,8.58333361433519e-05,-0.9990898518059365
178.225,-77.78034210205078,72.79138946533203,25.530000686645508,-0.0010240602864268781,-0.04297253709754116,9.536578446166452e-05,-0.9990757244880377
178.475,-77.78034210205078,72.79138946533203,25.530000686645508,-0.0010178884106548129,-0.04340491321744146,9.04807643259038e-05,-0.9990570400257439
178.7225,-77.78034210205078,72.79138946533203,25.530000686645508,-0.0010108932138102626,-0.04331478699796634,4.9689440851973774e-05,-0.9990609615299711
178.9775,-77.78034210205078,72.79138946533203,25.530000686645508,-0.0009949514077449732,-0.04249376387577969,4.507854801258937e-05,-0.9990962356406363
179.2275,-77.79850769042969,72.79138946533203,25.520000457763672,-0.0009925394137754754,-0.042479729763132065,4.005134928127899e-05,-0.9990968350568691
179.4725,-77.79850769042969,72.78025817871094,25.520000457763672,-0.000989568954753553,-0.04445848335246407,4.005015690260749e-05,-0.9990107418878273
179.725,-77.79850769042969,72.78025817871094,25.530000686645508,-0.0011943551376866783,-0.04368974152130904,-0.0011458354597901669,-0.9990437763495177
179.9725,-77.79850769042969,72.78025817871094,25.530000686645508,-0.0005096043290866464,-0.043464333869457666,-0.00031227239804995427,-0.9990548005343156
180.2275,-77.79850769042969,72.78025817871094,25.530000686645508,-0.0001714197710979164,-0.043379828300216645,-6.644301244354683e-05,-0.9990586352648336
180.4825,-77.79850769042969,72.78025817871094,25.530000686645508,-0.00014416638545772508,-0.043416250626187244,-0.00023395582890597735,-0.9990570322370427
180.7275,-77.79850769042969,72.78025817871094,25.520000457763672,-0.000237820986489226,-0.043287359392773256,-0.00023924655216577817,-0.999062606005783
181.505,-77.79850769042969,72.78025817871094,25.530000686645508,-0.000501038517330024,-0.043219342972224704,-0.0001648273217669609,-0.9990654684180648
181.505,-77.78034210205078,72.78025817871094,25.530000686645508,-0.0008193414977915617,-0.04133058686704631,-0.0001322593084325473,-0.9991451815307977
181.505,-77.78034210205078,72.78025817871094,25.530000686645508,-0.0008984363994656323,-0.041707433301684325,-5.2562392211895234e-05,-0.9991294611093282
