timestamp,tvx,tvy,tvz,rvx,rvy,rvz
11637.1925,-80.0,75.0,30.0,0.0,0.0,0.0
11637.2925,-80.0,75.0,30.0,0.0,0.0,0.0
11637.3925,-80.0,75.0,30.0,0.0,0.0,0.0
11637.4925,-80.0,75.0,30.0,0.0,0.0,0.0
11637.5925,-80.0,75.0,30.0,0.0,0.0,0.0
11637.6925,-80.0,75.0,30.0,0.0,0.0,0.0
11637.7925,-80.0,75.0,30.0,0.0,0.0,0.0
11637.8925,-80.0,75.0,30.0,0.0,0.0,0.0
11637.9925,-80.0,75.0,30.0,0.0,0.0,0.0
11638.0925,-80.0,75.0,30.0,0.0,0.0,0.0
11638.1925,-80.0,75.0,30.0,0.0,0.0,0.0
11638.2925,-80.0,75.0,30.0,0.0,0.0,0.0
11638.3925,-80.0,75.0,30.0,0.0,0.0,0.0
11638.4925,-80.0,75.0,30.0,0.0,0.0,0.0
11638.5925,-80.0,75.0,30.0,0.0,0.0,0.0
11638.6925,-80.0,75.0,30.0,0.0,0.0,0.0
11638.7925,-80.0,75.0,30.0,0.0,0.0,0.0
11638.8925,-80.0,75.0,30.0,0.0,0.0,0.0
11638.9925,-80.0,75.0,30.0,0.0,0.0,0.0
11639.0925,-80.0,75.0,30.0,0.0,0.0,0.0
11639.1925,-80.0,75.0,30.0,0.0,0.0,0.0
11639.2925,-80.0,75.0,30.0,0.0,0.0,0.0
11639.3925,-80.0,75.0,30.0,0.0,0.0,0.0
11639.4925,-80.0,75.0,30.0,0.0,0.0,0.0
11639.5925,-80.0,75.0,30.0,0.0,0.0,0.0
11639.6925,-80.0,75.0,30.0,0.0,0.0,0.0
11639.7925,-80.0,75.0,30.0,0.0,0.0,0.0
11639.8925,-80.0,75.0,30.0,0.0,0.0,0.0
11639.9925,-80.0,75.0,30.0,0.0,0.0,0.0
11640.0925,-80.0,75.0,30.0,0.0,0.0,0.0
11640.1925,-80.0,75.0,30.0,0.0,0.0,0.0
11640.2925,-80.0,75.0,30.0,0.0,0.0,0.0
11640.3925,-80.0,75.0,30.0,0.0,0.0,0.0
11640.4925,-80.0,75.0,30.0,0.0,0.0,0.0
11640.5925,-80.0,75.0,30.0,0.0,0.0,0.0
11640.6925,-80.0,75.0,30.0,0.0,0.0,0.0
11640.7925,-80.0,75.0,30.0,0.0,0.0,0.0
11640.8925,-80.0,75.0,30.0,0.0,0.0,0.0
11640.9925,-80.0,75.0,30.0,0.0,0.0,0.0
11641.0925,-80.0,75.0,30.0,0.0,0.0,0.0
11641.1925,-80.0,75.0,30.0,0.0,0.0,0.0
11641.2925,-80.0,75.0,30.0,0.0,0.0,0.0
11641.3925,-80.0,75.0,30.0,0.0,0.0,0.0
11641.4925,-80.0,75.0,30.0,0.0,0.0,0.0
11641.5925,-80.0,75.0,30.0,0.0,0.0,0.0
11641.6925,-80.0,75.0,30.0,0.0,0.0,0.0
11641.7925,-80.0,75.0,30.0,0.0,0.0,0.0
11641.8925,-80.0,75.0,30.0,0.0,0.0,0.0
11641.9925,-80.0,75.0,30.0,0.0,0.0,0.0
11642.0925,-80.0,75.0,30.0,0.0,0.0,0.0
11642.1925,-80.0,75.0,30.0,0.0,0.0,0.0
11642.2925,-80.0,75.0,30.0,0.0,0.0,0.0
11642.3925,-80.0,75.0,30.0,0.0,0.0,0.0
11642.4925,-80.0,75.0,30.0,0.0,0.0,0.0
11642.5925,-80.0,75.0,30.0,0.0,0.0,0.0
11642.6925,-80.0,75.0,30.0,0.0,0.0,0.0
11642.7925,-80.0,75.0,30.0,0.0,0.0,0.0
11642.8925,-80.0,75.0,30.0,0.0,0.0,0.0
11642.9925,-80.0,75.0,30.0,0.0,0.0,0.0
11643.0925,-80.0,75.0,30.0,0.0,0.0,0.0
11643.1925,-80.0,75.0,30.0,0.0,0.0,0.0
11643.2925,-80.0,75.0,30.0,0.0,0.0,0.0
11643.3925,-80.0,75.0,30.0,0.0,0.0,0.0
11643.4925,-80.0,75.0,30.0,0.0,0.0,0.0
11643.5925,-80.0,75.0,30.0,0.0,0.0,0.0
11643.6925,-80.0,75.0,30.0,0.0,0.0,0.0
11643.7925,-80.0,75.0,30.0,0.0,0.0,0.0
11643.8925,-80.0,75.0,30.0,0.0,0.0,0.0
11643.9925,-80.0,75.0,30.0,0.0,0.0,0.0
11644.0925,-80.0,75.0,30.0,0.0,0.0,0.0
11644.1925,-80.0,75.0,30.0,0.0,0.0,0.0
11644.295,-80.0,75.0,30.0,0.0,0.0,0.0
11644.3925,-80.0,75.0,30.0,0.0,0.0,0.0
11644.4925,-80.0,75.0,30.0,0.0,0.0,0.0
11644.5925,-80.0,75.0,30.0,0.0,0.0,0.0
11644.6925,-80.0,75.0,30.0,0.0,0.0,0.0
11644.7925,-80.0,75.0,30.0,0.0,0.0,0.0
11644.8925,-80.0,75.0,30.0,0.0,0.0,0.0
11644.9925,-80.0,75.0,30.0,0.0,0.0,0.0
11645.0925,-80.0,75.0,30.0,0.0,0.0,0.0
11645.1925,-80.0,75.0,30.0,0.0,0.0,0.0
11645.29,-80.0,75.0,30.0,0.0,0.0,0.0
11645.3925,-80.0,75.0,30.0,0.0,0.0,0.0
11645.4925,-80.0,75.0,30.0,0.0,0.0,0.0
11645.5925,-80.0,75.0,30.0,0.0,0.0,0.0
11645.6925,-80.0,75.0,30.0,0.0,0.0,0.0
11645.7925,-80.0,75.0,30.0,0.0,0.0,0.0
11645.8925,-80.0,75.0,30.0,0.0,0.0,0.0
11645.9925,-80.0,75.0,30.0,0.0,0.0,0.0
11646.0925,-80.0,75.0,30.0,0.0,0.0,0.0
11646.1925,-80.0,75.0,30.0,0.0,0.0,0.0
11646.2925,-80.0,75.0,30.0,0.0,0.0,0.0
11646.39,-80.0,75.0,30.0,0.0,0.0,0.0
11646.4925,-80.0,75.0,30.0,0.0,0.0,0.0
11646.5925,-80.0,75.0,30.0,0.0,0.0,0.0
11646.6925,-80.0,75.0,30.0,0.0,0.0,0.0
11646.7925,-80.0,75.0,30.0,0.0,0.0,0.0
11646.8925,-80.0,75.0,30.0,0.0,0.0,0.0
11646.9925,-80.0,75.0,30.0,0.0,0.0,0.0
11647.0925,-80.0,75.0,30.0,0.0,0.0,0.0
11647.1925,-80.0,75.0,30.0,0.0,0.0,0.0
11647.2875,-80.0,75.0,30.0,0.0,0.0,0.0
11647.3925,-80.0,75.0,30.0,0.0,0.0,0.0
11647.4925,-80.0,75.0,30.0,0.0,0.0,0.0
11647.5925,-80.0,75.0,30.0,0.0,0.0,0.0
11647.6925,-80.0,75.0,30.0,0.0,0.0,0.0
11647.7925,-80.0,75.0,30.0,0.0,0.0,0.0
11647.8925,-80.0,75.0,30.0,0.0,0.0,0.0
11647.99,-80.0,75.0,30.0,0.0,0.0,0.0
11648.0925,-80.0,75.0,30.0,0.0,0.0,0.0
11648.1925,-80.0,75.0,30.0,0.0,0.0,0.0
11648.2925,-80.0,75.0,30.0,0.0,0.0,0.0
11648.3925,-80.0,75.0,30.0,0.0,0.0,0.0
11648.495,-80.0,75.0,30.0,0.0,0.0,0.0
11648.59,-80.0,75.0,30.0,0.0,0.0,0.0
11648.6925,-80.0,75.0,30.0,0.0,0.0,0.0
11648.7925,-80.0,75.0,30.0,0.0,0.0,0.0
11648.8975,-80.0,75.0,30.0,0.0,0.0,0.0
11648.9975,-80.0,75.0,30.0,0.0,0.0,0.0
11649.0925,-80.0,75.0,30.0,0.0,0.0,0.0
11649.1925,-80.0,75.0,30.0,0.0,0.0,0.0
11649.2925,-80.0,75.0,30.0,0.0,0.0,0.0
11649.3925,-80.0,75.0,30.0,0.0,0.0,0.0
11649.4925,-80.0,75.0,30.0,0.0,0.0,0.0
11649.5925,-80.0,75.0,30.0,0.0,0.0,0.0
11649.6925,-80.0,75.0,30.0,0.0,0.0,0.0
11649.7925,-80.0,75.0,30.0,0.0,0.0,0.0
11649.8925,-80.0,75.0,30.0,0.0,0.0,0.0
11649.9925,-80.0,75.0,30.0,0.0,0.0,0.0
11650.0925,-80.0,75.0,30.0,0.0,0.0,0.0
11650.1925,-80.0,75.0,30.0,0.0,0.0,0.0
11650.2925,-80.0,75.0,30.0,0.0,0.0,0.0
11650.3925,-80.0,75.0,30.0,0.0,0.0,0.0
11650.4925,-80.0,75.0,30.0,0.0,0.0,0.0
11650.5925,-80.0,75.0,30.0,0.0,0.0,0.0
11650.6925,-80.0,75.0,30.0,0.0,0.0,0.0
11650.79,-80.0,75.0,30.0,0.0,0.0,0.0
11650.8925,-80.0,75.0,30.0,0.0,0.0,0.0
11650.9925,-80.0,75.0,30.0,0.0,0.0,0.0
11651.0925,-80.0,75.0,30.0,0.0,0.0,0.0
11651.1925,-80.0,75.0,30.0,0.0,0.0,0.0
11651.2925,-80.0,75.0,30.0,0.0,0.0,0.0
11651.3925,-80.0,75.0,30.0,0.0,0.0,0.0
11651.4925,-80.0,75.0,30.0,0.0,0.0,0.0
11651.5925,-80.0,75.0,30.0,0.0,0.0,0.0
11651.6925,-80.0,75.0,30.0,0.0,0.0,0.0
11651.7925,-80.0,75.0,30.0,0.0,0.0,0.0
11651.8925,-80.0,75.0,30.0,0.0,0.0,0.0
11651.9925,-80.0,75.0,30.0,0.0,0.0,0.0
11652.0925,-80.0,75.0,30.0,0.0,0.0,0.0
11652.1925,-80.0,75.0,30.0,0.0,0.0,0.0
11652.2925,-80.0,75.0,30.0,0.0,0.0,0.0
11652.3925,-80.0,75.0,30.0,0.0,0.0,0.0
11652.4925,-80.0,75.0,30.0,0.0,0.0,0.0
11652.5925,-80.0,75.0,30.0,0.0,0.0,0.0
11652.6925,-80.0,75.0,30.0,0.0,0.0,0.0
11652.7925,-80.0,75.0,30.0,0.0,0.0,0.0
11652.895,-80.0,75.0,30.0,0.0,0.0,0.0
11652.9925,-80.0,75.0,30.0,0.0,0.0,0.0
11653.09,-80.0,75.0,30.0,0.0,0.0,0.0
11653.1925,-80.0,75.0,30.0,0.0,0.0,0.0
11653.2925,-80.0,75.0,30.0,0.0,0.0,0.0
11653.39,-80.0,75.0,30.0,0.0,0.0,0.0
11653.4925,-80.0,75.0,30.0,0.0,0.0,0.0
11653.5925,-80.0,75.0,30.0,0.0,0.0,0.0
11653.6925,-80.0,75.0,30.0,0.0,0.0,0.0
11653.7925,-80.0,75.0,30.0,0.0,0.0,0.0
11653.8925,-80.0,75.0,30.0,0.0,0.0,0.0
11653.9925,-80.0,75.0,30.0,0.0,0.0,0.0
11654.0925,-80.0,75.0,30.0,0.0,0.0,0.0
11654.195,-80.0,75.0,30.0,0.0,0.0,0.0
11654.2925,-80.0,75.0,30.0,0.0,0.0,0.0
11654.395,-80.0,75.0,30.0,0.0,0.0,0.0
11654.4925,-80.0,75.0,30.0,0.0,0.0,0.0
11654.5925,-80.0,75.0,30.0,0.0,0.0,0.0
11654.6925,-80.0,75.0,30.0,0.0,0.0,0.0
11654.7925,-80.0,75.0,30.0,0.0,0.0,0.0
11654.8925,-80.0,75.0,30.0,0.0,0.0,0.0
11654.9925,-80.0,75.0,30.0,0.0,0.0,0.0
11655.0925,-80.0,75.0,30.0,0.0,0.0,0.0
11655.1925,-80.0,75.0,30.0,0.0,0.0,0.0
11655.2925,-80.0,75.0,30.0,0.0,0.0,0.0
11655.3925,-80.0,75.0,30.0,0.0,0.0,0.0
11655.4925,-80.0,75.0,30.0,0.0,0.0,0.0
11655.5925,-80.0,75.0,30.0,0.0,0.0,0.0
11655.6925,-80.0,75.0,30.0,0.0,0.0,0.0
11655.7925,-80.0,75.0,30.0,0.0,0.0,0.0
11655.8925,-80.0,75.0,30.0,0.0,0.0,0.0
11655.9925,-80.0,75.0,30.0,0.0,0.0,0.0
11656.0925,-80.0,75.0,30.0,0.0,0.0,0.0
11656.195,-80.0,75.0,30.0,0.0,0.0,0.0
11656.2925,-80.0,75.0,30.0,0.0,0.0,0.0
11656.3925,-80.0,75.0,30.0,0.0,0.0,0.0
11656.49,-80.0,75.0,30.0,0.0,0.0,0.0
11656.5925,-80.0,75.0,30.0,0.0,0.0,0.0
11656.6925,-80.0,75.0,30.0,0.0,0.0,0.0
11656.7925,-80.0,75.0,30.0,0.0,0.0,0.0
11656.8925,-80.0,75.0,30.0,0.0,0.0,0.0
11656.9925,-80.0,75.0,30.0,0.0,0.0,0.0
11657.0925,-80.0,75.0,30.0,0.0,0.0,0.0
11657.1925,-80.0,75.0,30.0,0.0,0.0,0.0
11657.295,-80.0,75.0,30.0,0.0,0.0,0.0
11657.3925,-80.0,75.0,30.0,0.0,0.0,0.0
11657.49,-80.0,75.0,30.0,0.0,0.0,0.0
11657.5925,-80.0,75.0,30.0,0.0,0.0,0.0
11657.6925,-80.0,75.0,30.0,0.0,0.0,0.0
11657.7925,-80.0,75.0,30.0,0.0,0.0,0.0
11657.8925,-80.0,75.0,30.0,0.0,0.0,0.0
11657.9925,-80.0,75.0,30.0,0.0,0.0,0.0
11658.0925,-80.0,75.0,30.0,0.0,0.0,0.0
11658.19,-80.0,75.0,30.0,0.0,0.0,0.0
11658.2925,-80.0,75.0,30.0,0.0,0.0,0.0
11658.3925,-80.0,75.0,30.0,0.0,0.0,0.0
11658.4925,-80.0,75.0,30.0,0.0,0.0,0.0
11658.5925,-80.0,75.0,30.0,0.0,0.0,0.0
11658.6925,-80.0,75.0,30.0,0.0,0.0,0.0
11658.7925,-80.0,75.0,30.0,0.0,0.0,0.0
11658.89,-80.0,75.0,30.0,0.0,0.0,0.0
11658.9925,-80.0,75.0,30.0,0.0,0.0,0.0
11659.0925,-80.0,75.0,30.0,0.0,0.0,0.0
11659.1925,-80.0,75.0,30.0,0.0,0.0,0.0
11659.2925,-80.0,75.0,30.0,0.0,0.0,0.0
11659.3925,-80.0,75.0,30.0,0.0,0.0,0.0
11659.4925,-80.0,75.0,30.0,0.0,0.0,0.0
11659.5925,-80.0,75.0,30.0,0.0,0.0,0.0
11659.6925,-80.0,75.0,30.0,0.0,0.0,0.0
11659.7925,-80.0,75.0,30.0,0.0,0.0,0.0
11659.895,-80.0,75.0,30.0,0.0,0.0,0.0
11659.9925,-80.0,75.0,30.0,0.0,0.0,0.0
11660.0925,-80.0,75.0,30.0,0.0,0.0,0.0
11660.1925,-80.0,75.0,30.0,0.0,0.0,0.0
11660.2925,-80.0,75.0,30.0,0.0,0.0,0.0
11660.3925,-80.0,75.0,30.0,0.0,0.0,0.0
11660.4925,-80.0,75.0,30.0,0.0,0.0,0.0
11660.59,-80.0,75.0,30.0,0.0,0.0,0.0
11660.6925,-80.0,75.0,30.0,0.0,0.0,0.0
11660.7925,-80.0,75.0,30.0,0.0,0.0,0.0
11660.8925,-80.0,75.0,30.0,0.0,0.0,0.0
11660.9925,-80.0,75.0,30.0,0.0,0.0,0.0
11661.0925,-80.0,75.0,30.0,0.0,0.0,0.0
11661.1925,-80.0,75.0,30.0,0.0,0.0,0.0
11661.2925,-80.0,75.0,30.0,0.0,0.0,0.0
11661.3925,-80.0,75.0,30.0,0.0,0.0,0.0
11661.4925,-80.0,75.0,30.0,0.0,0.0,0.0
11661.5925,-80.0,75.0,30.0,0.0,0.0,0.0
11661.6925,-80.0,75.0,30.0,0.0,0.0,0.0
11661.7925,-80.0,75.0,30.0,0.0,0.0,0.0
11661.8925,-80.0,75.0,30.0,0.0,0.0,0.0
11661.9925,-80.0,75.0,30.0,0.0,0.0,0.0
11662.09,-80.0,75.0,30.0,0.0,0.0,0.0
11662.1925,-80.0,75.0,30.0,0.0,0.0,0.0
11662.2925,-80.0,75.0,30.0,0.0,0.0,0.0
11662.39,-80.0,75.0,30.0,0.0,0.0,0.0
11662.4925,-80.0,75.0,30.0,0.0,0.0,0.0
11662.5925,-80.0,75.0,30.0,0.0,0.0,0.0
11662.6925,-80.0,75.0,30.0,0.0,0.0,0.0
11662.7925,-80.0,75.0,30.0,0.0,0.0,0.0
11662.8925,-80.0,75.0,30.0,0.0,0.0,0.0
11662.9925,-80.0,75.0,30.0,0.0,0.0,0.0
11663.0925,-80.0,75.0,30.0,0.0,0.0,0.0
11663.1925,-80.0,75.0,30.0,0.0,0.0,0.0
11663.2925,-80.0,75.0,30.0,0.0,0.0,0.0
11663.3925,-80.0,75.0,30.0,0.0,0.0,0.0
11663.49,-80.0,75.0,30.0,0.0,0.0,0.0
11663.5925,-80.0,75.0,30.0,0.0,0.0,0.0
11663.69,-80.0,75.0,30.0,0.0,0.0,0.0
11663.7925,-80.0,75.0,30.0,0.0,0.0,0.0
11663.8925,-80.0,75.0,30.0,0.0,0.0,0.0
11663.99,-80.0,75.0,30.0,0.0,0.0,0.0
11664.0925,-80.0,75.0,30.0,0.0,0.0,0.0
11664.1925,-80.0,75.0,30.0,0.0,0.0,0.0
11664.2925,-80.0,75.0,30.0,0.0,0.0,0.0
11664.3925,-80.0,75.0,30.0,0.0,0.0,0.0
11664.4925,-80.0,75.0,30.0,0.0,0.0,0.0
11664.5925,-80.0,75.0,30.0,0.0,0.0,0.0
11664.6925,-80.0,75.0,30.0,0.0,0.0,0.0
11664.7925,-80.0,75.0,30.0,0.0,0.0,0.0
11664.8925,-80.0,75.0,30.0,0.0,0.0,0.0
11664.9925,-80.0,75.0,30.0,0.0,0.0,0.0
11665.0925,-80.0,75.0,30.0,0.0,0.0,0.0
11665.1925,-80.0,75.0,30.0,0.0,0.0,0.0
11665.2925,-80.0,75.0,30.0,0.0,0.0,0.0
11665.3925,-80.0,75.0,30.0,0.0,0.0,0.0
11665.4925,-80.0,75.0,30.0,0.0,0.0,0.0
11665.5925,-80.0,75.0,30.0,0.0,0.0,0.0
11665.6925,-80.0,75.0,30.0,0.0,0.0,0.0
11665.7925,-80.0,75.0,30.0,0.0,0.0,0.0
11665.8925,-80.0,75.0,30.0,0.0,0.0,0.0
11665.9925,-80.0,75.0,30.0,0.0,0.0,0.0
11666.0925,-80.0,75.0,30.0,0.0,0.0,0.0
11666.1925,-80.0,75.0,30.0,0.0,0.0,0.0
11666.295,-80.0,75.0,30.0,0.0,0.0,0.0
11666.3925,-80.0,75.0,30.0,0.0,0.0,0.0
11666.4925,-80.0,75.0,30.0,0.0,0.0,0.0
11666.595,-80.0,75.0,30.0,0.0,0.0,0.0
11666.6925,-80.0,75.0,30.0,0.0,0.0,0.0
11666.7925,-80.0,75.0,30.0,0.0,0.0,0.0
11666.8925,-80.0,75.0,30.0,0.0,0.0,0.0
11666.9925,-80.0,75.0,30.0,0.0,0.0,0.0
11667.0925,-80.0,75.0,30.0,0.0,0.0,0.0
11667.1925,-80.0,75.0,30.0,0.0,0.0,0.0
11667.2925,-80.0,75.0,30.0,0.0,0.0,0.0
11667.3925,-80.0,75.0,30.0,0.0,0.0,0.0
11667.4925,-80.0,75.0,30.0,0.0,0.0,0.0
11667.5925,-80.0,75.0,30.0,0.0,0.0,0.0
11667.6925,-80.0,75.0,30.0,0.0,0.0,0.0
11667.7925,-80.0,75.0,30.0,0.0,0.0,0.0
11667.89,-80.0,75.0,30.0,0.0,0.0,0.0
11667.9925,-80.0,75.0,30.0,0.0,0.0,0.0
11668.0925,-80.0,75.0,30.0,0.0,0.0,0.0
11668.1925,-80.0,75.0,30.0,0.0,0.0,0.0
11668.2925,-80.0,75.0,30.0,0.0,0.0,0.0
11668.3925,-80.0,75.0,30.0,0.0,0.0,0.0
11668.4925,-80.0,75.0,30.0,0.0,0.0,0.0
11668.5925,-80.0,75.0,30.0,0.0,0.0,0.0
11668.695,-80.0,75.0,30.0,0.0,0.0,0.0
11668.7925,-80.0,75.0,30.0,0.0,0.0,0.0
11668.89,-80.0,75.0,30.0,0.0,0.0,0.0
11668.9925,-80.0,75.0,30.0,0.0,0.0,0.0
11669.0925,-80.0,75.0,30.0,0.0,0.0,0.0
11669.1925,-80.0,75.0,30.0,0.0,0.0,0.0
11669.2925,-80.0,75.0,30.0,0.0,0.0,0.0
11669.3925,-80.0,75.0,30.0,0.0,0.0,0.0
11669.495,-80.0,75.0,30.0,0.0,0.0,0.0
11669.5925,-80.0,75.0,30.0,0.0,0.0,0.0
11669.6925,-80.0,75.0,30.0,0.0,0.0,0.0
11669.7925,-80.0,75.0,30.0,0.0,0.0,0.0
11669.8925,-80.0,75.0,30.0,0.0,0.0,0.0
11669.9925,-80.0,75.0,30.0,0.0,0.0,0.0
11670.0925,-80.0,75.0,30.0,0.0,0.0,0.0
11670.1925,-80.0,75.0,30.0,0.0,0.0,0.0
11670.2925,-80.0,75.0,30.0,0.0,0.0,0.0
11670.3925,-80.0,75.0,30.0,0.0,0.0,0.0
11670.4925,-80.0,75.0,30.0,0.0,0.0,0.0
11670.5925,-80.0,75.0,30.0,0.0,0.0,0.0
11670.69,-80.0,75.0,30.0,0.0,0.0,0.0
11670.7925,-80.0,75.0,30.0,0.0,0.0,0.0
11670.895,-80.0,75.0,30.0,0.0,0.0,0.0
11670.9925,-80.0,75.0,30.0,0.0,0.0,0.0
11671.095,-80.0,75.0,30.0,0.0,0.0,0.0
11671.1925,-80.0,75.0,30.0,0.0,0.0,0.0
11671.2925,-80.0,75.0,30.0,0.0,0.0,0.0
11671.3925,-80.0,75.0,30.0,0.0,0.0,0.0
11671.49,-80.0,75.0,30.0,0.0,0.0,0.0
11671.5925,-80.0,75.0,30.0,0.0,0.0,0.0
11671.6925,-80.0,75.0,30.0,0.0,0.0,0.0
11671.7925,-80.0,75.0,30.0,0.0,0.0,0.0
11671.8925,-80.0,75.0,30.0,0.0,0.0,0.0
11671.99,-80.0,75.0,30.0,0.0,0.0,0.0
11672.0925,-80.0,75.0,30.0,0.0,0.0,0.0
11672.1925,-80.0,75.0,30.0,0.0,0.0,0.0
11672.2925,-80.0,75.0,30.0,0.0,0.0,0.0
11672.3925,-80.0,75.0,30.0,0.0,0.0,0.0
11672.4925,-80.0,75.0,30.0,0.0,0.0,0.0
11672.5925,-80.0,75.0,30.0,0.0,0.0,0.0
11672.6925,-80.0,75.0,30.0,0.0,0.0,0.0
11672.7925,-80.0,75.0,30.0,0.0,0.0,0.0
11672.8925,-80.0,75.0,30.0,0.0,0.0,0.0
11672.9925,-80.0,75.0,30.0,0.0,0.0,0.0
11673.0925,-80.0,75.0,30.0,0.0,0.0,0.0
11673.1925,-80.0,75.0,30.0,0.0,0.0,0.0
11673.2925,-80.0,75.0,30.0,0.0,0.0,0.0
11673.3925,-80.0,75.0,30.0,0.0,0.0,0.0
11673.4925,-80.0,75.0,30.0,0.0,0.0,0.0
11673.5925,-80.0,75.0,30.0,0.0,0.0,0.0
11673.6925,-80.0,75.0,30.0,0.0,0.0,0.0
11673.7925,-80.0,75.0,30.0,0.0,0.0,0.0
11673.8925,-80.0,75.0,30.0,0.0,0.0,0.0
11673.9925,-80.0,75.0,30.0,0.0,0.0,0.0
11674.0925,-80.0,75.0,30.0,0.0,0.0,0.0
11674.1925,-80.0,75.0,30.0,0.0,0.0,0.0
11674.295,-80.0,75.0,30.0,0.0,0.0,0.0
11674.3925,-80.0,75.0,30.0,0.0,0.0,0.0
11674.4925,-80.0,75.0,30.0,0.0,0.0,0.0
11674.5925,-80.0,75.0,30.0,0.0,0.0,0.0
11674.6925,-80.0,75.0,30.0,0.0,0.0,0.0
11674.7925,-80.0,75.0,30.0,0.0,0.0,0.0
11674.8925,-80.0,75.0,30.0,0.0,0.0,0.0
11674.9925,-80.0,75.0,30.0,0.0,0.0,0.0
11675.0925,-80.0,75.0,30.0,0.0,0.0,0.0
11675.1925,-80.0,75.0,30.0,0.0,0.0,0.0
11675.2925,-80.0,75.0,30.0,0.0,0.0,0.0
11675.3925,-80.0,75.0,30.0,0.0,0.0,0.0
11675.495,-80.0,75.0,30.0,0.0,0.0,0.0
11675.5925,-80.0,75.0,30.0,0.0,0.0,0.0
11675.6925,-80.0,75.0,30.0,0.0,0.0,0.0
11675.7925,-80.0,75.0,30.0,0.0,0.0,0.0
11675.8925,-80.0,75.0,30.0,0.0,0.0,0.0
11675.9925,-80.0,75.0,30.0,0.0,0.0,0.0
11676.0925,-80.0,75.0,30.0,0.0,0.0,0.0
11676.19,-80.0,75.0,30.0,0.0,0.0,0.0
11676.2925,-80.0,75.0,30.0,0.0,0.0,0.0
11676.3925,-80.0,75.0,30.0,0.0,0.0,0.0
11676.4925,-80.0,75.0,30.0,0.0,0.0,0.0
11676.5925,-80.0,75.0,30.0,0.0,0.0,0.0
11676.6925,-80.0,75.0,30.0,0.0,0.0,0.0
11676.7925,-80.0,75.0,30.0,0.0,0.0,0.0
11676.8925,-80.0,75.0,30.0,0.0,0.0,0.0
11676.99,-80.0,75.0,30.0,0.0,0.0,0.0
11677.0925,-80.0,75.0,30.0,0.0,0.0,0.0
11677.1925,-80.0,75.0,30.0,0.0,0.0,0.0
11677.2925,-80.0,75.0,30.0,0.0,0.0,0.0
11677.3925,-80.0,75.0,30.0,0.0,0.0,0.0
11677.49,-80.0,75.0,30.0,0.0,0.0,0.0
11677.59,-80.0,75.0,30.0,0.0,0.0,0.0
11677.6925,-80.0,75.0,30.0,0.0,0.0,0.0
11677.7925,-80.0,75.0,30.0,0.0,0.0,0.0
11677.8925,-80.0,75.0,30.0,0.0,0.0,0.0
11677.99,-80.0,75.0,30.0,0.0,0.0,0.0
11678.0925,-80.0,75.0,30.0,0.0,0.0,0.0
11678.1925,-80.0,75.0,30.0,0.0,0.0,0.0
11678.2925,-80.0,75.0,30.0,0.0,0.0,0.0
11678.3925,-80.0,75.0,30.0,0.0,0.0,0.0
11678.4925,-80.0,75.0,30.0,0.0,0.0,0.0
11678.5925,-80.0,75.0,30.0,0.0,0.0,0.0
11678.6925,-80.0,75.0,30.0,0.0,0.0,0.0
11678.7975,-80.0,75.0,30.0,0.0,0.0,0.0
11678.8925,-80.0,75.0,30.0,0.0,0.0,0.0
11678.9925,-80.0,75.0,30.0,0.0,0.0,0.0
11679.0925,-80.0,75.0,30.0,0.0,0.0,0.0
11679.1925,-80.0,75.0,30.0,0.0,0.0,0.0
11679.2925,-80.0,75.0,30.0,0.0,0.0,0.0
11679.3925,-80.0,75.0,30.0,0.0,0.0,0.0
11679.495,-80.0,75.0,30.0,0.0,0.0,0.0
11679.5925,-80.0,75.0,30.0,0.0,0.0,0.0
11679.6925,-80.0,75.0,30.0,0.0,0.0,0.0
11679.7925,-80.0,75.0,30.0,0.0,0.0,0.0
11679.8925,-80.0,75.0,30.0,0.0,0.0,0.0
11679.9925,-80.0,75.0,30.0,0.0,0.0,0.0
11680.0925,-80.0,75.0,30.0,0.0,0.0,0.0
11680.1925,-80.0,75.0,30.0,0.0,0.0,0.0
11680.2925,-80.0,75.0,30.0,0.0,0.0,0.0
11680.3925,-80.0,75.0,30.0,0.0,0.0,0.0
11680.4925,-80.0,75.0,30.0,0.0,0.0,0.0
11680.5925,-80.0,75.0,30.0,0.0,0.0,0.0
11680.6925,-80.0,75.0,30.0,0.0,0.0,0.0
11680.7925,-80.0,75.0,30.0,0.0,0.0,0.0
11680.8925,-80.0,75.0,30.0,0.0,0.0,0.0
11680.9925,-80.0,75.0,30.0,0.0,0.0,0.0
11681.0925,-80.0,75.0,30.0,0.0,0.0,0.0
11681.1925,-80.0,75.0,30.0,0.0,0.0,0.0
11681.2925,-80.0,75.0,30.0,0.0,0.0,0.0
11681.3925,-80.0,75.0,30.0,0.0,0.0,0.0
11681.4925,-80.0,75.0,30.0,0.0,0.0,0.0
11681.5925,-80.0,75.0,30.0,0.0,0.0,0.0
11681.6925,-80.0,75.0,30.0,0.0,0.0,0.0
11681.7925,-80.0,75.0,30.0,0.0,0.0,0.0
11681.8925,-80.0,75.0,30.0,0.0,0.0,0.0
11681.9925,-80.0,75.0,30.0,0.0,0.0,0.0
11682.095,-80.0,75.0,30.0,0.0,0.0,0.0
11682.1925,-80.0,75.0,30.0,0.0,0.0,0.0
11682.2925,-80.0,75.0,30.0,0.0,0.0,0.0
11682.3925,-80.0,75.0,30.0,0.0,0.0,0.0
11682.4925,-80.0,75.0,30.0,0.0,0.0,0.0
11682.5925,-80.0,75.0,30.0,0.0,0.0,0.0
11682.6925,-80.0,75.0,30.0,0.0,0.0,0.0
11682.7925,-80.0,75.0,30.0,0.0,0.0,0.0
11682.8925,-80.0,75.0,30.0,0.0,0.0,0.0
11682.9925,-80.0,75.0,30.0,0.0,0.0,0.0
11683.0925,-80.0,75.0,30.0,0.0,0.0,0.0
11683.1925,-80.0,75.0,30.0,0.0,0.0,0.0
11683.2925,-80.0,75.0,30.0,0.0,0.0,0.0
11683.3925,-80.0,75.0,30.0,0.0,0.0,0.0
11683.4925,-80.0,75.0,30.0,0.0,0.0,0.0
11683.5925,-80.0,75.0,30.0,0.0,0.0,0.0
11683.6925,-80.0,75.0,30.0,0.0,0.0,0.0
11683.7925,-80.0,75.0,30.0,0.0,0.0,0.0
11683.8925,-80.0,75.0,30.0,0.0,0.0,0.0
11683.9925,-80.0,75.0,30.0,0.0,0.0,0.0
11684.0925,-80.0,75.0,30.0,0.0,0.0,0.0
11684.1925,-80.0,75.0,30.0,0.0,0.0,0.0
11684.2925,-80.0,75.0,30.0,0.0,0.0,0.0
11684.3925,-80.0,75.0,30.0,0.0,0.0,0.0
11684.495,-80.0,75.0,30.0,0.0,0.0,0.0
11684.595,-80.0,75.0,30.0,0.0,0.0,0.0
11684.6925,-80.0,75.0,30.0,0.0,0.0,0.0
11684.7925,-80.0,75.0,30.0,0.0,0.0,0.0
11684.8925,-80.0,75.0,30.0,0.0,0.0,0.0
11684.9925,-80.0,75.0,30.0,0.0,0.0,0.0
11685.0925,-80.0,75.0,30.0,0.0,0.0,0.0
11685.1925,-80.0,75.0,30.0,0.0,0.0,0.0
11685.2925,-80.0,75.0,30.0,0.0,0.0,0.0
11685.3925,-80.0,75.0,30.0,0.0,0.0,0.0
11685.4925,-80.0,75.0,30.0,0.0,0.0,0.0
11685.5925,-80.0,75.0,30.0,0.0,0.0,0.0
11685.6925,-80.0,75.0,30.0,0.0,0.0,0.0
11685.7925,-80.0,75.0,30.0,0.0,0.0,0.0
11685.8925,-80.0,75.0,30.0,0.0,0.0,0.0
11685.9925,-80.0,75.0,30.0,0.0,0.0,0.0
11686.0925,-80.0,75.0,30.0,0.0,0.0,0.0
11686.1925,-80.0,75.0,30.0,0.0,0.0,0.0
11686.2925,-80.0,75.0,30.0,0.0,0.0,0.0
11686.395,-80.0,75.0,30.0,0.0,0.0,0.0
11686.4925,-80.0,75.0,30.0,0.0,0.0,0.0
11686.5925,-80.0,75.0,30.0,0.0,0.0,0.0
11686.6925,-80.0,75.0,30.0,0.0,0.0,0.0
11686.7925,-80.0,75.0,30.0,0.0,0.0,0.0
11686.8925,-80.0,75.0,30.0,0.0,0.0,0.0
11686.9925,-80.0,75.0,30.0,0.0,0.0,0.0
11687.0925,-80.0,75.0,30.0,0.0,0.0,0.0
11687.1925,-80.0,75.0,30.0,0.0,0.0,0.0
11687.2925,-80.0,75.0,30.0,0.0,0.0,0.0
11687.3925,-80.0,75.0,30.0,0.0,0.0,0.0
11687.4925,-80.0,75.0,30.0,0.0,0.0,0.0
11687.5925,-80.0,75.0,30.0,0.0,0.0,0.0
11687.6925,-80.0,75.0,30.0,0.0,0.0,0.0
11687.7925,-80.0,75.0,30.0,0.0,0.0,0.0
11687.8925,-80.0,75.0,30.0,0.0,0.0,0.0
11687.9925,-80.0,75.0,30.0,0.0,0.0,0.0
11688.0925,-80.0,75.0,30.0,0.0,0.0,0.0
11688.1925,-80.0,75.0,30.0,0.0,0.0,0.0
11688.2925,-80.0,75.0,30.0,0.0,0.0,0.0
11688.3925,-80.0,75.0,30.0,0.0,0.0,0.0
11688.4925,-80.0,75.0,30.0,0.0,0.0,0.0
11688.5925,-80.0,75.0,30.0,0.0,0.0,0.0
11688.6925,-80.0,75.0,30.0,0.0,0.0,0.0
11688.7925,-80.0,75.0,30.0,0.0,0.0,0.0
11688.8925,-80.0,75.0,30.0,0.0,0.0,0.0
11688.9925,-80.0,75.0,30.0,0.0,0.0,0.0
11689.0925,-80.0,75.0,30.0,0.0,0.0,0.0
11689.195,-80.0,75.0,30.0,0.0,0.0,0.0
11689.2925,-80.0,75.0,30.0,0.0,0.0,0.0
11689.39,-80.0,75.0,30.0,0.0,0.0,0.0
11689.4925,-80.0,75.0,30.0,0.0,0.0,0.0
11689.5925,-80.0,75.0,30.0,0.0,0.0,0.0
11689.6925,-80.0,75.0,30.0,0.0,0.0,0.0
11689.7925,-80.0,75.0,30.0,0.0,0.0,0.0
11689.8925,-80.0,75.0,30.0,0.0,0.0,0.0
11689.995,-80.0,75.0,30.0,0.0,0.0,0.0
11690.0925,-80.0,75.0,30.0,0.0,0.0,0.0
11690.1925,-80.0,75.0,30.0,0.0,0.0,0.0
11690.2925,-80.0,75.0,30.0,0.0,0.0,0.0
11690.3925,-80.0,75.0,30.0,0.0,0.0,0.0
11690.4925,-80.0,75.0,30.0,0.0,0.0,0.0
11690.5925,-80.0,75.0,30.0,0.0,0.0,0.0
11690.6925,-80.0,75.0,30.0,0.0,0.0,0.0
11690.7925,-80.0,75.0,30.0,0.0,0.0,0.0
11690.8925,-80.0,75.0,30.0,0.0,0.0,0.0
11690.9925,-80.0,75.0,30.0,0.0,0.0,0.0
11691.0925,-80.0,75.0,30.0,0.0,0.0,0.0
11691.1925,-80.0,75.0,30.0,0.0,0.0,0.0
11691.2925,-80.0,75.0,30.0,0.0,0.0,0.0
11691.39,-80.0,75.0,30.0,0.0,0.0,0.0
11691.4925,-80.0,75.0,30.0,0.0,0.0,0.0
11691.5925,-80.0,75.0,30.0,0.0,0.0,0.0
11691.6925,-80.0,75.0,30.0,0.0,0.0,0.0
11691.7925,-80.0,75.0,30.0,0.0,0.0,0.0
11691.8925,-80.0,75.0,30.0,0.0,0.0,0.0
11691.9925,-80.0,75.0,30.0,0.0,0.0,0.0
11692.0925,-80.0,75.0,30.0,0.0,0.0,0.0
11692.1925,-80.0,75.0,30.0,0.0,0.0,0.0
11692.2925,-80.0,75.0,30.0,0.0,0.0,0.0
11692.395,-80.0,75.0,30.0,0.0,0.0,0.0
11692.4925,-80.0,75.0,30.0,0.0,0.0,0.0
11692.5925,-80.0,75.0,30.0,0.0,0.0,0.0
11692.6925,-80.0,75.0,30.0,0.0,0.0,0.0
11692.7925,-80.0,75.0,30.0,0.0,0.0,0.0
11692.8925,-80.0,75.0,30.0,0.0,0.0,0.0
11692.9925,-80.0,75.0,30.0,0.0,0.0,0.0
11693.0925,-80.0,75.0,30.0,0.0,0.0,0.0
11693.1925,-80.0,75.0,30.0,0.0,0.0,0.0
11693.295,-80.0,75.0,30.0,0.0,0.0,0.0
11693.3925,-80.0,75.0,30.0,0.0,0.0,0.0
11693.4925,-80.0,75.0,30.0,0.0,0.0,0.0
11693.5925,-80.0,75.0,30.0,0.0,0.0,0.0
11693.6925,-80.0,75.0,30.0,0.0,0.0,0.0
11693.79,-80.0,75.0,30.0,0.0,0.0,0.0
11693.8925,-80.0,75.0,30.0,0.0,0.0,0.0
11693.9925,-80.0,75.0,30.0,0.0,0.0,0.0
11694.0925,-80.0,75.0,30.0,0.0,0.0,0.0
11694.1925,-80.0,75.0,30.0,0.0,0.0,0.0
11694.2925,-80.0,75.0,30.0,0.0,0.0,0.0
11694.3925,-80.0,75.0,30.0,0.0,0.0,0.0
11694.49,-80.0,75.0,30.0,0.0,0.0,0.0
11694.5925,-80.0,75.0,30.0,0.0,0.0,0.0
11694.6925,-80.0,75.0,30.0,0.0,0.0,0.0
11694.7925,-80.0,75.0,30.0,0.0,0.0,0.0
11694.8925,-80.0,75.0,30.0,0.0,0.0,0.0
11694.9925,-80.0,75.0,30.0,0.0,0.0,0.0
11695.0925,-80.0,75.0,30.0,0.0,0.0,0.0
11695.1925,-80.0,75.0,30.0,0.0,0.0,0.0
11695.2925,-80.0,75.0,30.0,0.0,0.0,0.0
11695.3925,-80.0,75.0,30.0,0.0,0.0,0.0
11695.4925,-80.0,75.0,30.0,0.0,0.0,0.0
11695.5925,-80.0,75.0,30.0,0.0,0.0,0.0
11695.6925,-80.0,75.0,30.0,0.0,0.0,0.0
11695.7925,-80.0,75.0,30.0,0.0,0.0,0.0
11695.8925,-80.0,75.0,30.0,0.0,0.0,0.0
11695.9925,-80.0,75.0,30.0,0.0,0.0,0.0
11696.0925,-80.0,75.0,30.0,0.0,0.0,0.0
11696.1925,-80.0,75.0,30.0,0.0,0.0,0.0
11696.2925,-80.0,75.0,30.0,0.0,0.0,0.0
11696.3925,-80.0,75.0,30.0,0.0,0.0,0.0
11696.4925,-80.0,75.0,30.0,0.0,0.0,0.0
11696.5925,-80.0,75.0,30.0,0.0,0.0,0.0
11696.6925,-80.0,75.0,30.0,0.0,0.0,0.0
11696.7925,-80.0,75.0,30.0,0.0,0.0,0.0
11696.8925,-80.0,75.0,30.0,0.0,0.0,0.0
11696.9925,-80.0,75.0,30.0,0.0,0.0,0.0
11697.0875,-80.0,75.0,30.0,0.0,0.0,0.0
11697.1925,-80.0,75.0,30.0,0.0,0.0,0.0
11697.295,-80.0,75.0,30.0,0.0,0.0,0.0
11697.3925,-80.0,75.0,30.0,0.0,0.0,0.0
11697.4925,-80.0,75.0,30.0,0.0,0.0,0.0
11697.5925,-80.0,75.0,30.0,0.0,0.0,0.0
11697.6925,-80.0,75.0,30.0,0.0,0.0,0.0
11697.7925,-80.0,75.0,30.0,0.0,0.0,0.0
11697.8925,-80.0,75.0,30.0,0.0,0.0,0.0
11697.9925,-80.0,75.0,30.0,0.0,0.0,0.0
11698.0925,-80.0,75.0,30.0,0.0,0.0,0.0
11698.1925,-80.0,75.0,30.0,0.0,0.0,0.0
11698.2925,-80.0,75.0,30.0,0.0,0.0,0.0
11698.395,-80.0,75.0,30.0,0.0,0.0,0.0
11698.4925,-80.0,75.0,30.0,0.0,0.0,0.0
11698.5925,-80.0,75.0,30.0,0.0,0.0,0.0
11698.6925,-80.0,75.0,30.0,0.0,0.0,0.0
11698.7925,-80.0,75.0,30.0,0.0,0.0,0.0
11698.8925,-80.0,75.0,30.0,0.0,0.0,0.0
11698.9925,-80.0,75.0,30.0,0.0,0.0,0.0
11699.0925,-80.0,75.0,30.0,0.0,0.0,0.0
11699.1925,-80.0,75.0,30.0,0.0,0.0,0.0
11699.2925,-80.0,75.0,30.0,0.0,0.0,0.0
11699.39,-80.0,75.0,30.0,0.0,0.0,0.0
11699.4925,-80.0,75.0,30.0,0.0,0.0,0.0
11699.595,-80.0,75.0,30.0,0.0,0.0,0.0
11699.6925,-80.0,75.0,30.0,0.0,0.0,0.0
11699.7925,-80.0,75.0,30.0,0.0,0.0,0.0
11699.8925,-80.0,75.0,30.0,0.0,0.0,0.0
11699.9925,-80.0,75.0,30.0,0.0,0.0,0.0
11700.0925,-80.0,75.0,30.0,0.0,0.0,0.0
11700.2,-80.0,75.0,30.0,0.0,0.0,0.0
11700.2925,-80.0,75.0,30.0,0.0,0.0,0.0
11700.3925,-80.0,75.0,30.0,0.0,0.0,0.0
11700.4925,-80.0,75.0,30.0,0.0,0.0,0.0
11700.5925,-80.0,75.0,30.0,0.0,0.0,0.0
11700.695,-80.0,75.0,30.0,0.0,0.0,0.0
11700.7925,-80.0,75.0,30.0,0.0,0.0,0.0
11700.8925,-80.0,75.0,30.0,0.0,0.0,0.0
11700.9925,-80.0,75.0,30.0,0.0,0.0,0.0
11701.0925,-80.0,75.0,30.0,0.0,0.0,0.0
11701.1875,-80.0,75.0,30.0,0.0,0.0,0.0
11701.2925,-80.0,75.0,30.0,0.0,0.0,0.0
11701.3925,-80.0,75.0,30.0,0.0,0.0,0.0
11701.4925,-80.0,75.0,30.0,0.0,0.0,0.0
11701.5925,-80.0,75.0,30.0,0.0,0.0,0.0
11701.6925,-80.0,75.0,30.0,0.0,0.0,0.0
11701.79,-80.0,75.0,30.0,0.0,0.0,0.0
11701.8925,-80.0,75.0,30.0,0.0,0.0,0.0
11701.9925,-80.0,75.0,30.0,0.0,0.0,0.0
11702.0925,-80.0,75.0,30.0,0.0,0.0,0.0
11702.19,-80.0,75.0,30.0,0.0,0.0,0.0
11702.2925,-80.0,75.0,30.0,0.0,0.0,0.0
11702.3925,-80.0,75.0,30.0,0.0,0.0,0.0
11702.4925,-80.0,75.0,30.0,0.0,0.0,0.0
11702.5925,-80.0,75.0,30.0,0.0,0.0,0.0
11702.6925,-80.0,75.0,30.0,0.0,0.0,0.0
11702.7925,-80.0,75.0,30.0,0.0,0.0,0.0
11702.8925,-80.0,75.0,30.0,0.0,0.0,0.0
11702.9925,-80.0,75.0,30.0,0.0,0.0,0.0
11703.0925,-80.0,75.0,30.0,0.0,0.0,0.0
11703.1925,-80.0,75.0,30.0,0.0,0.0,0.0
11703.295,-80.0,75.0,30.0,0.0,0.0,0.0
11703.3925,-80.0,75.0,30.0,0.0,0.0,0.0
11703.4925,-80.0,75.0,30.0,0.0,0.0,0.0
11703.5925,-80.0,75.0,30.0,0.0,0.0,0.0
11703.695,-80.0,75.0,30.0,0.0,0.0,0.0
11703.7925,-80.0,75.0,30.0,0.0,0.0,0.0
11703.8925,-80.0,75.0,30.0,0.0,0.0,0.0
11703.9925,-80.0,75.0,30.0,0.0,0.0,0.0
11704.0925,-80.0,75.0,30.0,0.0,0.0,0.0
11704.1925,-80.0,75.0,30.0,0.0,0.0,0.0
11704.2925,-80.0,75.0,30.0,0.0,0.0,0.0
11704.3925,-80.0,75.0,30.0,0.0,0.0,0.0
11704.4925,-80.0,75.0,30.0,0.0,0.0,0.0
11704.5925,-80.0,75.0,30.0,0.0,0.0,0.0
11704.6925,-80.0,75.0,30.0,0.0,0.0,0.0
11704.7925,-80.0,75.0,30.0,0.0,0.0,0.0
11704.8925,-80.0,75.0,30.0,0.0,0.0,0.0
11704.9925,-80.0,75.0,30.0,0.0,0.0,0.0
11705.0925,-80.0,75.0,30.0,0.0,0.0,0.0
11705.1925,-80.0,75.0,30.0,0.0,0.0,0.0
11705.2925,-80.0,75.0,30.0,0.0,0.0,0.0
11705.395,-80.0,75.0,30.0,0.0,0.0,0.0
11705.49,-80.0,75.0,30.0,0.0,0.0,0.0
11705.5925,-80.0,75.0,30.0,0.0,0.0,0.0
11705.6925,-80.0,75.0,30.0,0.0,0.0,0.0
11705.7925,-80.0,75.0,30.0,0.0,0.0,0.0
11705.8925,-80.0,75.0,30.0,0.0,0.0,0.0
11705.9925,-80.0,75.0,30.0,0.0,0.0,0.0
11706.0925,-80.0,75.0,30.0,0.0,0.0,0.0
11706.1925,-80.0,75.0,30.0,0.0,0.0,0.0
11706.2925,-80.0,75.0,30.0,0.0,0.0,0.0
11706.3925,-80.0,75.0,30.0,0.0,0.0,0.0
11706.49,-80.0,75.0,30.0,0.0,0.0,0.0
11706.59,-80.0,75.0,30.0,0.0,0.0,0.0
11706.6925,-80.0,75.0,30.0,0.0,0.0,0.0
11706.7925,-80.0,75.0,30.0,0.0,0.0,0.0
11706.8925,-80.0,75.0,30.0,0.0,0.0,0.0
11706.9925,-80.0,75.0,30.0,0.0,0.0,0.0
11707.0925,-80.0,75.0,30.0,0.0,0.0,0.0
11707.1925,-80.0,75.0,30.0,0.0,0.0,0.0
11707.2925,-80.0,75.0,30.0,0.0,0.0,0.0
11707.3925,-80.0,75.0,30.0,0.0,0.0,0.0
11707.4925,-80.0,75.0,30.0,0.0,0.0,0.0
11707.5925,-80.0,75.0,30.0,0.0,0.0,0.0
11707.6925,-80.0,75.0,30.0,0.0,0.0,0.0
11707.7925,-80.0,75.0,30.0,0.0,0.0,0.0
11707.8925,-80.0,75.0,30.0,0.0,0.0,0.0
11707.9925,-80.0,75.0,30.0,0.0,0.0,0.0
11708.0925,-80.0,75.0,30.0,0.0,0.0,0.0
11708.1925,-80.0,75.0,30.0,0.0,0.0,0.0
11708.2925,-80.0,75.0,30.0,0.0,0.0,0.0
11708.3925,-80.0,75.0,30.0,0.0,0.0,0.0
11708.4925,-80.0,75.0,30.0,0.0,0.0,0.0
11708.59,-80.0,75.0,30.0,0.0,0.0,0.0
11708.69,-80.0,75.0,30.0,0.0,0.0,0.0
11708.7925,-80.0,75.0,30.0,0.0,0.0,0.0
11708.8925,-80.0,75.0,30.0,0.0,0.0,0.0
11708.9925,-80.0,75.0,30.0,0.0,0.0,0.0
11709.0925,-80.0,75.0,30.0,0.0,0.0,0.0
11709.1925,-80.0,75.0,30.0,0.0,0.0,0.0
11709.2925,-80.0,75.0,30.0,0.0,0.0,0.0
11709.3925,-80.0,75.0,30.0,0.0,0.0,0.0
11709.4925,-80.0,75.0,30.0,0.0,0.0,0.0
11709.5925,-80.0,75.0,30.0,0.0,0.0,0.0
11709.6925,-80.0,75.0,30.0,0.0,0.0,0.0
11709.7925,-80.0,75.0,30.0,0.0,0.0,0.0
11709.8925,-80.0,75.0,30.0,0.0,0.0,0.0
11709.9925,-80.0,75.0,30.0,0.0,0.0,0.0
11710.0925,-80.0,75.0,30.0,0.0,0.0,0.0
11710.1925,-80.0,75.0,30.0,0.0,0.0,0.0
11710.2925,-80.0,75.0,30.0,0.0,0.0,0.0
11710.3925,-80.0,75.0,30.0,0.0,0.0,0.0
11710.4925,-80.0,75.0,30.0,0.0,0.0,0.0
11710.5925,-80.0,75.0,30.0,0.0,0.0,0.0
11710.6925,-80.0,75.0,30.0,0.0,0.0,0.0
11710.79,-80.0,75.0,30.0,0.0,0.0,0.0
11710.8925,-80.0,75.0,30.0,0.0,0.0,0.0
11710.9925,-80.0,75.0,30.0,0.0,0.0,0.0
11711.0925,-80.0,75.0,30.0,0.0,0.0,0.0
11711.1925,-80.0,75.0,30.0,0.0,0.0,0.0
11711.2925,-80.0,75.0,30.0,0.0,0.0,0.0
11711.3925,-80.0,75.0,30.0,0.0,0.0,0.0
11711.4925,-80.0,75.0,30.0,0.0,0.0,0.0
11711.5925,-80.0,75.0,30.0,0.0,0.0,0.0
11711.6925,-80.0,75.0,30.0,0.0,0.0,0.0
11711.7925,-80.0,75.0,30.0,0.0,0.0,0.0
11711.8925,-80.0,75.0,30.0,0.0,0.0,0.0
11711.9925,-80.0,75.0,30.0,0.0,0.0,0.0
11712.0925,-80.0,75.0,30.0,0.0,0.0,0.0
11712.1925,-80.0,75.0,30.0,0.0,0.0,0.0
11712.2925,-80.0,75.0,30.0,0.0,0.0,0.0
11712.3925,-80.0,75.0,30.0,0.0,0.0,0.0
11712.4925,-80.0,75.0,30.0,0.0,0.0,0.0
11712.5925,-80.0,75.0,30.0,0.0,0.0,0.0
11712.6925,-80.0,75.0,30.0,0.0,0.0,0.0
11712.7925,-80.0,75.0,30.0,0.0,0.0,0.0
11712.8925,-80.0,75.0,30.0,0.0,0.0,0.0
11712.9925,-80.0,75.0,30.0,0.0,0.0,0.0
11713.0925,-80.0,75.0,30.0,0.0,0.0,0.0
11713.1925,-80.0,75.0,30.0,0.0,0.0,0.0
11713.2925,-80.0,75.0,30.0,0.0,0.0,0.0
11713.3925,-80.0,75.0,30.0,0.0,0.0,0.0
11713.4925,-80.0,75.0,30.0,0.0,0.0,0.0
11713.595,-80.0,75.0,30.0,0.0,0.0,0.0
11713.6925,-80.0,75.0,30.0,0.0,0.0,0.0
11713.79,-80.0,75.0,30.0,0.0,0.0,0.0
11713.8925,-80.0,75.0,30.0,0.0,0.0,0.0
11713.9925,-80.0,75.0,30.0,0.0,0.0,0.0
11714.0925,-80.0,75.0,30.0,0.0,0.0,0.0
11714.1925,-80.0,75.0,30.0,0.0,0.0,0.0
11714.2925,-80.0,75.0,30.0,0.0,0.0,0.0
11714.3925,-80.0,75.0,30.0,0.0,0.0,0.0
11714.4925,-80.0,75.0,30.0,0.0,0.0,0.0
11714.5925,-80.0,75.0,30.0,0.0,0.0,0.0
11714.695,-80.0,75.0,30.0,0.0,0.0,0.0
11714.7925,-80.0,75.0,30.0,0.0,0.0,0.0
11714.8925,-80.0,75.0,30.0,0.0,0.0,0.0
11714.9925,-80.0,75.0,30.0,0.0,0.0,0.0
11715.0925,-80.0,75.0,30.0,0.0,0.0,0.0
11715.1925,-80.0,75.0,30.0,0.0,0.0,0.0
11715.29,-80.0,75.0,30.0,0.0,0.0,0.0
11715.3925,-80.0,75.0,30.0,0.0,0.0,0.0
11715.4925,-80.0,75.0,30.0,0.0,0.0,0.0
11715.5925,-80.0,75.0,30.0,0.0,0.0,0.0
11715.69,-80.0,75.0,30.0,0.0,0.0,0.0
11715.79,-80.0,75.0,30.0,0.0,0.0,0.0
11715.8925,-80.0,75.0,30.0,0.0,0.0,0.0
11715.9925,-80.0,75.0,30.0,0.0,0.0,0.0
11716.095,-80.0,75.0,30.0,0.0,0.0,0.0
11716.1925,-80.0,75.0,30.0,0.0,0.0,0.0
11716.2925,-80.0,75.0,30.0,0.0,0.0,0.0
11716.395,-80.0,75.0,30.0,0.0,0.0,0.0
11716.4925,-80.0,75.0,30.0,0.0,0.0,0.0
11716.5925,-80.0,75.0,30.0,0.0,0.0,0.0
11716.6925,-80.0,75.0,30.0,0.0,0.0,0.0
11716.7925,-80.0,75.0,30.0,0.0,0.0,0.0
11716.8925,-80.0,75.0,30.0,0.0,0.0,0.0
11716.9925,-80.0,75.0,30.0,0.0,0.0,0.0
11717.0925,-80.0,75.0,30.0,0.0,0.0,0.0
11717.195,-80.0,75.0,30.0,0.0,0.0,0.0
11717.2925,-80.0,75.0,30.0,0.0,0.0,0.0
11717.3925,-80.0,75.0,30.0,0.0,0.0,0.0
11717.4925,-80.0,75.0,30.0,0.0,0.0,0.0
11717.5925,-80.0,75.0,30.0,0.0,0.0,0.0
11717.6925,-80.0,75.0,30.0,0.0,0.0,0.0
11717.7925,-80.0,75.0,30.0,0.0,0.0,0.0
11717.8925,-80.0,75.0,30.0,0.0,0.0,0.0
11717.99,-80.0,75.0,30.0,0.0,0.0,0.0
11718.0925,-80.0,75.0,30.0,0.0,0.0,0.0
11718.1925,-80.0,75.0,30.0,0.0,0.0,0.0
11718.2925,-80.0,75.0,30.0,0.0,0.0,0.0
11718.3925,-80.0,75.0,30.0,0.0,0.0,0.0
11718.4925,-80.0,75.0,30.0,0.0,0.0,0.0
11718.5925,-80.0,75.0,30.0,0.0,0.0,0.0
11718.6925,-80.0,75.0,30.0,0.0,0.0,0.0
11718.7925,-80.0,75.0,30.0,0.0,0.0,0.0
11718.8925,-80.0,75.0,30.0,0.0,0.0,0.0
11718.9925,-80.0,75.0,30.0,0.0,0.0,0.0
11719.0925,-80.0,75.0,30.0,0.0,0.0,0.0
11719.1925,-80.0,75.0,30.0,0.0,0.0,0.0
11719.295,-80.0,75.0,30.0,0.0,0.0,0.0
11719.3925,-80.0,75.0,30.0,0.0,0.0,0.0
11719.4925,-80.0,75.0,30.0,0.0,0.0,0.0
11719.5925,-80.0,75.0,30.0,0.0,0.0,0.0
11719.6925,-80.0,75.0,30.0,0.0,0.0,0.0
11719.7925,-80.0,75.0,30.0,0.0,0.0,0.0
11719.8925,-80.0,75.0,30.0,0.0,0.0,0.0
11719.9925,-80.0,75.0,30.0,0.0,0.0,0.0
11720.0925,-80.0,75.0,30.0,0.0,0.0,0.0
11720.1925,-80.0,75.0,30.0,0.0,0.0,0.0
11720.2925,-80.0,75.0,30.0,0.0,0.0,0.0
11720.3925,-80.0,75.0,30.0,0.0,0.0,0.0
11720.4925,-80.0,75.0,30.0,0.0,0.0,0.0
11720.5925,-80.0,75.0,30.0,0.0,0.0,0.0
11720.6925,-80.0,75.0,30.0,0.0,0.0,0.0
11720.7925,-80.0,75.0,30.0,0.0,0.0,0.0
11720.8925,-80.0,75.0,30.0,0.0,0.0,0.0
11720.9925,-80.0,75.0,30.0,0.0,0.0,0.0
11721.0925,-80.0,75.0,30.0,0.0,0.0,0.0
11721.1925,-80.0,75.0,30.0,0.0,0.0,0.0
11721.2925,-80.0,75.0,30.0,0.0,0.0,0.0
11721.3925,-80.0,75.0,30.0,0.0,0.0,0.0
11721.4925,-80.0,75.0,30.0,0.0,0.0,0.0
11721.5925,-80.0,75.0,30.0,0.0,0.0,0.0
11721.6925,-80.0,75.0,30.0,0.0,0.0,0.0
11721.7925,-80.0,75.0,30.0,0.0,0.0,0.0
11721.8925,-80.0,75.0,30.0,0.0,0.0,0.0
11721.9925,-80.0,75.0,30.0,0.0,0.0,0.0
11722.0925,-80.0,75.0,30.0,0.0,0.0,0.0
11722.1925,-80.0,75.0,30.0,0.0,0.0,0.0
11722.2925,-80.0,75.0,30.0,0.0,0.0,0.0
11722.3925,-80.0,75.0,30.0,0.0,0.0,0.0
11722.4925,-80.0,75.0,30.0,0.0,0.0,0.0
11722.5925,-80.0,75.0,30.0,0.0,0.0,0.0
11722.6925,-80.0,75.0,30.0,0.0,0.0,0.0
11722.7925,-80.0,75.0,30.0,0.0,0.0,0.0
11722.8925,-80.0,75.0,30.0,0.0,0.0,0.0
11722.9925,-80.0,75.0,30.0,0.0,0.0,0.0
11723.0925,-80.0,75.0,30.0,0.0,0.0,0.0
11723.1925,-80.0,75.0,30.0,0.0,0.0,0.0
11723.2925,-80.0,75.0,30.0,0.0,0.0,0.0
11723.3925,-80.0,75.0,30.0,0.0,0.0,0.0
11723.4925,-80.0,75.0,30.0,0.0,0.0,0.0
11723.5925,-80.0,75.0,30.0,0.0,0.0,0.0
11723.6925,-80.0,75.0,30.0,0.0,0.0,0.0
11723.7925,-80.0,75.0,30.0,0.0,0.0,0.0
11723.8925,-80.0,75.0,30.0,0.0,0.0,0.0
11723.9925,-80.0,75.0,30.0,0.0,0.0,0.0
11724.0925,-80.0,75.0,30.0,0.0,0.0,0.0
11724.1925,-80.0,75.0,30.0,0.0,0.0,0.0
11724.2925,-80.0,75.0,30.0,0.0,0.0,0.0
11724.3925,-80.0,75.0,30.0,0.0,0.0,0.0
11724.4925,-80.0,75.0,30.0,0.0,0.0,0.0
11724.5925,-80.0,75.0,30.0,0.0,0.0,0.0
11724.6925,-80.0,75.0,30.0,0.0,0.0,0.0
11724.7925,-80.0,75.0,30.0,0.0,0.0,0.0
11724.8925,-80.0,75.0,30.0,0.0,0.0,0.0
11724.9925,-80.0,75.0,30.0,0.0,0.0,0.0
11725.09,-80.0,75.0,30.0,0.0,0.0,0.0
11725.1925,-80.0,75.0,30.0,0.0,0.0,0.0
11725.2925,-80.0,75.0,30.0,0.0,0.0,0.0
11725.3925,-80.0,75.0,30.0,0.0,0.0,0.0
11725.4925,-80.0,75.0,30.0,0.0,0.0,0.0
11725.5925,-80.0,75.0,30.0,0.0,0.0,0.0
11725.6925,-80.0,75.0,30.0,0.0,0.0,0.0
11725.79,-80.0,75.0,30.0,0.0,0.0,0.0
11725.8925,-80.0,75.0,30.0,0.0,0.0,0.0
11725.9925,-80.0,75.0,30.0,0.0,0.0,0.0
11726.0925,-80.0,75.0,30.0,0.0,0.0,0.0
11726.1925,-80.0,75.0,30.0,0.0,0.0,0.0
11726.2925,-80.0,75.0,30.0,0.0,0.0,0.0
11726.3925,-80.0,75.0,30.0,0.0,0.0,0.0
11726.4925,-80.0,75.0,30.0,0.0,0.0,0.0
11726.5925,-80.0,75.0,30.0,0.0,0.0,0.0
11726.6925,-80.0,75.0,30.0,0.0,0.0,0.0
11726.7925,-80.0,75.0,30.0,0.0,0.0,0.0
11726.8925,-80.0,75.0,30.0,0.0,0.0,0.0
11726.9925,-80.0,75.0,30.0,0.0,0.0,0.0
11727.0925,-80.0,75.0,30.0,0.0,0.0,0.0
11727.1925,-80.0,75.0,30.0,0.0,0.0,0.0
11727.2925,-80.0,75.0,30.0,0.0,0.0,0.0
11727.3925,-80.0,75.0,30.0,0.0,0.0,0.0
11727.4925,-80.0,75.0,30.0,0.0,0.0,0.0
11727.5925,-80.0,75.0,30.0,0.0,0.0,0.0
11727.6925,-80.0,75.0,30.0,0.0,0.0,0.0
11727.7925,-80.0,75.0,30.0,0.0,0.0,0.0
11727.8925,-80.0,75.0,30.0,0.0,0.0,0.0
11727.9925,-80.0,75.0,30.0,0.0,0.0,0.0
11728.0925,-80.0,75.0,30.0,0.0,0.0,0.0
11728.1925,-80.0,75.0,30.0,0.0,0.0,0.0
11728.2925,-80.0,75.0,30.0,0.0,0.0,0.0
11728.3925,-80.0,75.0,30.0,0.0,0.0,0.0
11728.4925,-80.0,75.0,30.0,0.0,0.0,0.0
11728.5925,-80.0,75.0,30.0,0.0,0.0,0.0
11728.6925,-80.0,75.0,30.0,0.0,0.0,0.0
11728.7925,-80.0,75.0,30.0,0.0,0.0,0.0
11728.8925,-80.0,75.0,30.0,0.0,0.0,0.0
11728.9925,-80.0,75.0,30.0,0.0,0.0,0.0
11729.0925,-80.0,75.0,30.0,0.0,0.0,0.0
11729.1925,-80.0,75.0,30.0,0.0,0.0,0.0
11729.2925,-80.0,75.0,30.0,0.0,0.0,0.0
11729.3925,-80.0,75.0,30.0,0.0,0.0,0.0
11729.4925,-80.0,75.0,30.0,0.0,0.0,0.0
11729.5925,-80.0,75.0,30.0,0.0,0.0,0.0
11729.6925,-80.0,75.0,30.0,0.0,0.0,0.0
11729.7925,-80.0,75.0,30.0,0.0,0.0,0.0
11729.8925,-80.0,75.0,30.0,0.0,0.0,0.0
11729.9925,-80.0,75.0,30.0,0.0,0.0,0.0
11730.0925,-80.0,75.0,30.0,0.0,0.0,0.0
11730.1925,-80.0,75.0,30.0,0.0,0.0,0.0
11730.2925,-80.0,75.0,30.0,0.0,0.0,0.0
11730.3925,-80.0,75.0,30.0,0.0,0.0,0.0
11730.4925,-80.0,75.0,30.0,0.0,0.0,0.0
11730.5925,-80.0,75.0,30.0,0.0,0.0,0.0
11730.6925,-80.0,75.0,30.0,0.0,0.0,0.0
11730.7925,-80.0,75.0,30.0,0.0,0.0,0.0
11730.8925,-80.0,75.0,30.0,0.0,0.0,0.0
11730.9925,-80.0,75.0,30.0,0.0,0.0,0.0
11731.0925,-80.0,75.0,30.0,0.0,0.0,0.0
11731.1925,-80.0,75.0,30.0,0.0,0.0,0.0
11731.2925,-80.0,75.0,30.0,0.0,0.0,0.0
11731.3925,-80.0,75.0,30.0,0.0,0.0,0.0
11731.4925,-80.0,75.0,30.0,0.0,0.0,0.0
11731.5925,-80.0,75.0,30.0,0.0,0.0,0.0
11731.6925,-80.0,75.0,30.0,0.0,0.0,0.0
11731.7925,-80.0,75.0,30.0,0.0,0.0,0.0
11731.8925,-80.0,75.0,30.0,0.0,0.0,0.0
11731.9925,-80.0,75.0,30.0,0.0,0.0,0.0
11732.0925,-80.0,75.0,30.0,0.0,0.0,0.0
11732.1925,-80.0,75.0,30.0,0.0,0.0,0.0
11732.2925,-80.0,75.0,30.0,0.0,0.0,0.0
11732.3925,-80.0,75.0,30.0,0.0,0.0,0.0
11732.4925,-80.0,75.0,30.0,0.0,0.0,0.0
11732.5925,-80.0,75.0,30.0,0.0,0.0,0.0
11732.6925,-80.0,75.0,30.0,0.0,0.0,0.0
11732.7925,-80.0,75.0,30.0,0.0,0.0,0.0
11732.8925,-80.0,75.0,30.0,0.0,0.0,0.0
11732.9925,-80.0,75.0,30.0,0.0,0.0,0.0
11733.09,-80.0,75.0,30.0,0.0,0.0,0.0
11733.19,-80.0,75.0,30.0,0.0,0.0,0.0
11733.2925,-80.0,75.0,30.0,0.0,0.0,0.0
11733.3925,-80.0,75.0,30.0,0.0,0.0,0.0
11733.4925,-80.0,75.0,30.0,0.0,0.0,0.0
11733.5925,-80.0,75.0,30.0,0.0,0.0,0.0
11733.6925,-80.0,75.0,30.0,0.0,0.0,0.0
11733.7925,-80.0,75.0,30.0,0.0,0.0,0.0
11733.8925,-80.0,75.0,30.0,0.0,0.0,0.0
11733.9925,-80.0,75.0,30.0,0.0,0.0,0.0
11734.0925,-80.0,75.0,30.0,0.0,0.0,0.0
11734.1925,-80.0,75.0,30.0,0.0,0.0,0.0
11734.2925,-80.0,75.0,30.0,0.0,0.0,0.0
11734.3925,-80.0,75.0,30.0,0.0,0.0,0.0
11734.4925,-80.0,75.0,30.0,0.0,0.0,0.0
11734.5925,-80.0,75.0,30.0,0.0,0.0,0.0
11734.6925,-80.0,75.0,30.0,0.0,0.0,0.0
11734.7925,-80.0,75.0,30.0,0.0,0.0,0.0
11734.8925,-80.0,75.0,30.0,0.0,0.0,0.0
11734.9925,-80.0,75.0,30.0,0.0,0.0,0.0
11735.0925,-80.0,75.0,30.0,0.0,0.0,0.0
11735.1925,-80.0,75.0,30.0,0.0,0.0,0.0
11735.2925,-80.0,75.0,30.0,0.0,0.0,0.0
11735.3925,-80.0,75.0,30.0,0.0,0.0,0.0
11735.4925,-80.0,75.0,30.0,0.0,0.0,0.0
11735.5925,-80.0,75.0,30.0,0.0,0.0,0.0
11735.6925,-80.0,75.0,30.0,0.0,0.0,0.0
11735.7925,-80.0,75.0,30.0,0.0,0.0,0.0
11735.8925,-80.0,75.0,30.0,0.0,0.0,0.0
11735.9925,-80.0,75.0,30.0,0.0,0.0,0.0
11736.0925,-80.0,75.0,30.0,0.0,0.0,0.0
11736.1925,-80.0,75.0,30.0,0.0,0.0,0.0
11736.2925,-80.0,75.0,30.0,0.0,0.0,0.0
11736.3925,-80.0,75.0,30.0,0.0,0.0,0.0
11736.4925,-80.0,75.0,30.0,0.0,0.0,0.0
11736.5925,-80.0,75.0,30.0,0.0,0.0,0.0
11736.6925,-80.0,75.0,30.0,0.0,0.0,0.0
11736.7925,-80.0,75.0,30.0,0.0,0.0,0.0
11736.8925,-80.0,75.0,30.0,0.0,0.0,0.0
11736.9925,-80.0,75.0,30.0,0.0,0.0,0.0
11737.09,-80.0,75.0,30.0,0.0,0.0,0.0
11737.1925,-80.0,75.0,30.0,0.0,0.0,0.0
11737.29,-80.0,75.0,30.0,0.0,0.0,0.0
11737.3925,-80.0,75.0,30.0,0.0,0.0,0.0
11737.4925,-80.0,75.0,30.0,0.0,0.0,0.0
11737.5925,-80.0,75.0,30.0,0.0,0.0,0.0
11737.6925,-80.0,75.0,30.0,0.0,0.0,0.0
11737.7925,-80.0,75.0,30.0,0.0,0.0,0.0
11737.8925,-80.0,75.0,30.0,0.0,0.0,0.0
11737.9925,-80.0,75.0,30.0,0.0,0.0,0.0
11738.0925,-80.0,75.0,30.0,0.0,0.0,0.0
11738.1925,-80.0,75.0,30.0,0.0,0.0,0.0
11738.2925,-80.0,75.0,30.0,0.0,0.0,0.0
11738.3925,-80.0,75.0,30.0,0.0,0.0,0.0
11738.49,-80.0,75.0,30.0,0.0,0.0,0.0
11738.5925,-80.0,75.0,30.0,0.0,0.0,0.0
11738.6925,-80.0,75.0,30.0,0.0,0.0,0.0
11738.7925,-80.0,75.0,30.0,0.0,0.0,0.0
11738.8925,-80.0,75.0,30.0,0.0,0.0,0.0
11738.99,-80.0,75.0,30.0,0.0,0.0,0.0
11739.0925,-80.0,75.0,30.0,0.0,0.0,0.0
11739.1925,-80.0,75.0,30.0,0.0,0.0,0.0
11739.2925,-80.0,75.0,30.0,0.0,0.0,0.0
11739.3925,-80.0,75.0,30.0,0.0,0.0,0.0
11739.4925,-80.0,75.0,30.0,0.0,0.0,0.0
11739.5925,-80.0,75.0,30.0,0.0,0.0,0.0
11739.6925,-80.0,75.0,30.0,0.0,0.0,0.0
11739.7925,-80.0,75.0,30.0,0.0,0.0,0.0
11739.8925,-80.0,75.0,30.0,0.0,0.0,0.0
11739.9925,-80.0,75.0,30.0,0.0,0.0,0.0
11740.0925,-80.0,75.0,30.0,0.0,0.0,0.0
11740.1925,-80.0,75.0,30.0,0.0,0.0,0.0
11740.2925,-80.0,75.0,30.0,0.0,0.0,0.0
11740.3925,-80.0,75.0,30.0,0.0,0.0,0.0
11740.4925,-80.0,75.0,30.0,0.0,0.0,0.0
11740.5925,-80.0,75.0,30.0,0.0,0.0,0.0
11740.6925,-80.0,75.0,30.0,0.0,0.0,0.0
11740.7925,-80.0,75.0,30.0,0.0,0.0,0.0
11740.8925,-80.0,75.0,30.0,0.0,0.0,0.0
11740.9925,-80.0,75.0,30.0,0.0,0.0,0.0
11741.0925,-80.0,75.0,30.0,0.0,0.0,0.0
11741.1925,-80.0,75.0,30.0,0.0,0.0,0.0
11741.2925,-80.0,75.0,30.0,0.0,0.0,0.0
11741.3925,-80.0,75.0,30.0,0.0,0.0,0.0
11741.4925,-80.0,75.0,30.0,0.0,0.0,0.0
11741.5925,-80.0,75.0,30.0,0.0,0.0,0.0
11741.6925,-80.0,75.0,30.0,0.0,0.0,0.0
11741.7925,-80.0,75.0,30.0,0.0,0.0,0.0
11741.8925,-80.0,75.0,30.0,0.0,0.0,0.0
11741.9925,-80.0,75.0,30.0,0.0,0.0,0.0
11742.09,-80.0,75.0,30.0,0.0,0.0,0.0
11742.1925,-80.0,75.0,30.0,0.0,0.0,0.0
11742.2925,-80.0,75.0,30.0,0.0,0.0,0.0
11742.3925,-80.0,75.0,30.0,0.0,0.0,0.0
11742.4925,-80.0,75.0,30.0,0.0,0.0,0.0
11742.5925,-80.0,75.0,30.0,0.0,0.0,0.0
11742.6925,-80.0,75.0,30.0,0.0,0.0,0.0
11742.7925,-80.0,75.0,30.0,0.0,0.0,0.0
11742.8925,-80.0,75.0,30.0,0.0,0.0,0.0
11742.9925,-80.0,75.0,30.0,0.0,0.0,0.0
11743.0925,-80.0,75.0,30.0,0.0,0.0,0.0
11743.1925,-80.0,75.0,30.0,0.0,0.0,0.0
11743.2925,-80.0,75.0,30.0,0.0,0.0,0.0
11743.39,-80.0,75.0,30.0,0.0,0.0,0.0
11743.4925,-80.0,75.0,30.0,0.0,0.0,0.0
11743.5925,-80.0,75.0,30.0,0.0,0.0,0.0
11743.6925,-80.0,75.0,30.0,0.0,0.0,0.0
11743.7925,-80.0,75.0,30.0,0.0,0.0,0.0
11743.8925,-80.0,75.0,30.0,0.0,0.0,0.0
11743.9925,-80.0,75.0,30.0,0.0,0.0,0.0
11744.0925,-80.0,75.0,30.0,0.0,0.0,0.0
11744.1925,-80.0,75.0,30.0,0.0,0.0,0.0
11744.2925,-80.0,75.0,30.0,0.0,0.0,0.0
11744.3925,-80.0,75.0,30.0,0.0,0.0,0.0
11744.4925,-80.0,75.0,30.0,0.0,0.0,0.0
11744.585,-80.0,75.0,30.0,0.0,0.0,0.0
11744.6925,-80.0,75.0,30.0,0.0,0.0,0.0
11744.79,-80.0,75.0,30.0,0.0,0.0,0.0
11744.8925,-80.0,75.0,30.0,0.0,0.0,0.0
11744.9925,-80.0,75.0,30.0,0.0,0.0,0.0
11745.0925,-80.0,75.0,30.0,0.0,0.0,0.0
11745.1925,-80.0,75.0,30.0,0.0,0.0,0.0
11745.2925,-80.0,75.0,30.0,0.0,0.0,0.0
11745.3925,-80.0,75.0,30.0,0.0,0.0,0.0
11745.4925,-80.0,75.0,30.0,0.0,0.0,0.0
11745.5925,-80.0,75.0,30.0,0.0,0.0,0.0
11745.6925,-80.0,75.0,30.0,0.0,0.0,0.0
11745.7925,-80.0,75.0,30.0,0.0,0.0,0.0
11745.8925,-80.0,75.0,30.0,0.0,0.0,0.0
11745.9925,-80.0,75.0,30.0,0.0,0.0,0.0
11746.0925,-80.0,75.0,30.0,0.0,0.0,0.0
11746.1925,-80.0,75.0,30.0,0.0,0.0,0.0
11746.2925,-80.0,75.0,30.0,0.0,0.0,0.0
11746.3925,-80.0,75.0,30.0,0.0,0.0,0.0
11746.4925,-80.0,75.0,30.0,0.0,0.0,0.0
11746.5925,-80.0,75.0,30.0,0.0,0.0,0.0
11746.6925,-80.0,75.0,30.0,0.0,0.0,0.0
11746.7925,-80.0,75.0,30.0,0.0,0.0,0.0
11746.8925,-80.0,75.0,30.0,0.0,0.0,0.0
11746.9925,-80.0,75.0,30.0,0.0,0.0,0.0
11747.0925,-80.0,75.0,30.0,0.0,0.0,0.0
11747.1925,-80.0,75.0,30.0,0.0,0.0,0.0
11747.2925,-80.0,75.0,30.0,0.0,0.0,0.0
11747.3925,-80.0,75.0,30.0,0.0,0.0,0.0
11747.4925,-80.0,75.0,30.0,0.0,0.0,0.0
11747.5925,-80.0,75.0,30.0,0.0,0.0,0.0
11747.6925,-80.0,75.0,30.0,0.0,0.0,0.0
11747.7925,-80.0,75.0,30.0,0.0,0.0,0.0
11747.8925,-80.0,75.0,30.0,0.0,0.0,0.0
11747.9925,-80.0,75.0,30.0,0.0,0.0,0.0
11748.0925,-80.0,75.0,30.0,0.0,0.0,0.0
11748.1925,-80.0,75.0,30.0,0.0,0.0,0.0
11748.2925,-80.0,75.0,30.0,0.0,0.0,0.0
11748.3925,-80.0,75.0,30.0,0.0,0.0,0.0
11748.4925,-80.0,75.0,30.0,0.0,0.0,0.0
11748.5925,-80.0,75.0,30.0,0.0,0.0,0.0
11748.6925,-80.0,75.0,30.0,0.0,0.0,0.0
11748.79,-80.0,75.0,30.0,0.0,0.0,0.0
11748.8925,-80.0,75.0,30.0,0.0,0.0,0.0
11748.9925,-80.0,75.0,30.0,0.0,0.0,0.0
11749.0925,-80.0,75.0,30.0,0.0,0.0,0.0
11749.1925,-80.0,75.0,30.0,0.0,0.0,0.0
11749.2925,-80.0,75.0,30.0,0.0,0.0,0.0
11749.3925,-80.0,75.0,30.0,0.0,0.0,0.0
11749.49,-80.0,75.0,30.0,0.0,0.0,0.0
11749.5925,-80.0,75.0,30.0,0.0,0.0,0.0
11749.6925,-80.0,75.0,30.0,0.0,0.0,0.0
11749.7925,-80.0,75.0,30.0,0.0,0.0,0.0
11749.8925,-80.0,75.0,30.0,0.0,0.0,0.0
11749.9925,-80.0,75.0,30.0,0.0,0.0,0.0
11750.0925,-80.0,75.0,30.0,0.0,0.0,0.0
11750.19,-80.0,75.0,30.0,0.0,0.0,0.0
11750.2925,-80.0,75.0,30.0,0.0,0.0,0.0
11750.3925,-80.0,75.0,30.0,0.0,0.0,0.0
11750.4925,-80.0,75.0,30.0,0.0,0.0,0.0
11750.5925,-80.0,75.0,30.0,0.0,0.0,0.0
11750.6925,-80.0,75.0,30.0,0.0,0.0,0.0
11750.7925,-80.0,75.0,30.0,0.0,0.0,0.0
11750.8925,-80.0,75.0,30.0,0.0,0.0,0.0
11750.9925,-80.0,75.0,30.0,0.0,0.0,0.0
11751.0925,-80.0,75.0,30.0,0.0,0.0,0.0
11751.1925,-80.0,75.0,30.0,0.0,0.0,0.0
11751.2925,-80.0,75.0,30.0,0.0,0.0,0.0
11751.3925,-80.0,75.0,30.0,0.0,0.0,0.0
11751.49,-80.0,75.0,30.0,0.0,0.0,0.0
11751.5925,-80.0,75.0,30.0,0.0,0.0,0.0
11751.6925,-80.0,75.0,30.0,0.0,0.0,0.0
11751.7925,-80.0,75.0,30.0,0.0,0.0,0.0
11751.8925,-80.0,75.0,30.0,0.0,0.0,0.0
11751.9925,-80.0,75.0,30.0,0.0,0.0,0.0
11752.0925,-80.0,75.0,30.0,0.0,0.0,0.0
11752.1925,-80.0,75.0,30.0,0.0,0.0,0.0
11752.2925,-80.0,75.0,30.0,0.0,0.0,0.0
11752.3925,-80.0,75.0,30.0,0.0,0.0,0.0
11752.4925,-80.0,75.0,30.0,0.0,0.0,0.0
11752.5925,-80.0,75.0,30.0,0.0,0.0,0.0
11752.6925,-80.0,75.0,30.0,0.0,0.0,0.0
11752.7925,-80.0,75.0,30.0,0.0,0.0,0.0
11752.8925,-80.0,75.0,30.0,0.0,0.0,0.0
11752.9925,-80.0,75.0,30.0,0.0,0.0,0.0
11753.0925,-80.0,75.0,30.0,0.0,0.0,0.0
11753.1925,-80.0,75.0,30.0,0.0,0.0,0.0
11753.2925,-80.0,75.0,30.0,0.0,0.0,0.0
11753.3925,-80.0,75.0,30.0,0.0,0.0,0.0
11753.4925,-80.0,75.0,30.0,0.0,0.0,0.0
11753.5925,-80.0,75.0,30.0,0.0,0.0,0.0
11753.6925,-80.0,75.0,30.0,0.0,0.0,0.0
11753.7925,-80.0,75.0,30.0,0.0,0.0,0.0
11753.8925,-80.0,75.0,30.0,0.0,0.0,0.0
11753.9925,-80.0,75.0,30.0,0.0,0.0,0.0
11754.0925,-80.0,75.0,30.0,0.0,0.0,0.0
11754.1925,-80.0,75.0,30.0,0.0,0.0,0.0
11754.2925,-80.0,75.0,30.0,0.0,0.0,0.0
11754.3925,-80.0,75.0,30.0,0.0,0.0,0.0
11754.4925,-80.0,75.0,30.0,0.0,0.0,0.0
11754.5925,-80.0,75.0,30.0,0.0,0.0,0.0
11754.6925,-80.0,75.0,30.0,0.0,0.0,0.0
11754.7925,-80.0,75.0,30.0,0.0,0.0,0.0
11754.8925,-80.0,75.0,30.0,0.0,0.0,0.0
11754.9925,-80.0,75.0,30.0,0.0,0.0,0.0
11755.0925,-80.0,75.0,30.0,0.0,0.0,0.0
11755.1925,-80.0,75.0,30.0,0.0,0.0,0.0
11755.2925,-80.0,75.0,30.0,0.0,0.0,0.0
11755.3925,-80.0,75.0,30.0,0.0,0.0,0.0
11755.4925,-80.0,75.0,30.0,0.0,0.0,0.0
11755.5925,-80.0,75.0,30.0,0.0,0.0,0.0
11755.6925,-80.0,75.0,30.0,0.0,0.0,0.0
11755.7925,-80.0,75.0,30.0,0.0,0.0,0.0
11755.8925,-80.0,75.0,30.0,0.0,0.0,0.0
11755.9925,-80.0,75.0,30.0,0.0,0.0,0.0
11756.0925,-80.0,75.0,30.0,0.0,0.0,0.0
11756.1925,-80.0,75.0,30.0,0.0,0.0,0.0
11756.2925,-80.0,75.0,30.0,0.0,0.0,0.0
11756.3925,-80.0,75.0,30.0,0.0,0.0,0.0
11756.4925,-80.0,75.0,30.0,0.0,0.0,0.0
11756.5925,-80.0,75.0,30.0,0.0,0.0,0.0
11756.69,-80.0,75.0,30.0,0.0,0.0,0.0
11756.7925,-80.0,75.0,30.0,0.0,0.0,0.0
11756.89,-80.0,75.0,30.0,0.0,0.0,0.0
11756.9925,-80.0,75.0,30.0,0.0,0.0,0.0
11757.0925,-80.0,75.0,30.0,0.0,0.0,0.0
11757.1925,-80.0,75.0,30.0,0.0,0.0,0.0
11757.2925,-80.0,75.0,30.0,0.0,0.0,0.0
11757.3925,-80.0,75.0,30.0,0.0,0.0,0.0
11757.4925,-80.0,75.0,30.0,0.0,0.0,0.0
11757.5925,-80.0,75.0,30.0,0.0,0.0,0.0
11757.69,-80.0,75.0,30.0,0.0,0.0,0.0
11757.7925,-80.0,75.0,30.0,0.0,0.0,0.0
11757.8925,-80.0,75.0,30.0,0.0,0.0,0.0
11757.9925,-80.0,75.0,30.0,0.0,0.0,0.0
11758.0925,-80.0,75.0,30.0,0.0,0.0,0.0
11758.1925,-80.0,75.0,30.0,0.0,0.0,0.0
11758.2925,-80.0,75.0,30.0,0.0,0.0,0.0
11758.3925,-80.0,75.0,30.0,0.0,0.0,0.0
11758.4925,-80.0,75.0,30.0,0.0,0.0,0.0
11758.5925,-80.0,75.0,30.0,0.0,0.0,0.0
11758.6925,-80.0,75.0,30.0,0.0,0.0,0.0
11758.7925,-80.0,75.0,30.0,0.0,0.0,0.0
11758.8925,-80.0,75.0,30.0,0.0,0.0,0.0
11758.9925,-80.0,75.0,30.0,0.0,0.0,0.0
11759.0925,-80.0,75.0,30.0,0.0,0.0,0.0
11759.1925,-80.0,75.0,30.0,0.0,0.0,0.0
11759.2925,-80.0,75.0,30.0,0.0,0.0,0.0
11759.3925,-80.0,75.0,30.0,0.0,0.0,0.0
11759.4925,-80.0,75.0,30.0,0.0,0.0,0.0
11759.5925,-80.0,75.0,30.0,0.0,0.0,0.0
11759.6925,-80.0,75.0,30.0,0.0,0.0,0.0
11759.7925,-80.0,75.0,30.0,0.0,0.0,0.0
11759.8925,-80.0,75.0,30.0,0.0,0.0,0.0
11759.9925,-80.0,75.0,30.0,0.0,0.0,0.0
11760.0925,-80.0,75.0,30.0,0.0,0.0,0.0
11760.19,-80.0,75.0,30.0,0.0,0.0,0.0
11760.2925,-80.0,75.0,30.0,0.0,0.0,0.0
11760.3925,-80.0,75.0,30.0,0.0,0.0,0.0
11760.4925,-80.0,75.0,30.0,0.0,0.0,0.0
